...1,ID,DeathOrSampleDate,DateInfo,English,Latin,family,order,location,postal.code,province,Long,Lat,Remark,Surveillance,GenBank,UniqueID,Sample,CT
1,3160901003,2016-08-30,DateFound,Common Blackbird,Turdus merula,Turdidae,Passeriformes,Gennep,6591,Limburg,5.974116325,51.69590784,CoordinatesConfidential_Mask!,DeadWildBirds,MN122145,AS201600034,brain,19.45
2,3160906004,2016-09-03,DateFound,Common Blackbird,Turdus merula,Turdidae,Passeriformes,Andelst,6673,Gelderland,5.7268894,51.8960209,CoordinatesConfidential_Mask!,DeadWildBirds,MN122146,AS201600036,spleen,15.38
3,3160907002,2016-09-05,DateFound,Common Blackbird,Turdus merula,Turdidae,Passeriformes,Venlo,5926,Limburg,6.126901656,51.35952877,CoordinatesConfidential_Mask!,DeadWildBirds,MN122147,AS201600042,brain,14.21
4,3160907004,2016-09-06,DateFound,Common Blackbird,Turdus merula,Turdidae,Passeriformes,Lierop,5715,Brabant,5.666996,51.4245487,CoordinatesConfidential_Mask!,DeadWildBirds,MH891847,AS201600045,heart,17.51
5,3160908006,2016-09-07,DateFound,Common Blackbird,Turdus merula,Turdidae,Passeriformes,"St. agatha, cuijk",5435,Brabant,5.914764404,51.71288425,CoordinatesConfidential_Mask!,DeadWildBirds,MN122151,AS201600057,brain,15.6
6,3160908008,2016-09-07,DateFound,Common Blackbird,Turdus merula,Turdidae,Passeriformes,Lierop,5715,Brabant,5.6575307,51.4223323,CoordinatesConfidential_Mask!,DeadWildBirds,MN122149,AS201600048,brain,19.74
7,3160909033,2016-09-09,DateFound,Common Blackbird,Turdus merula,Turdidae,Passeriformes,Ottersum,6595,Limburg,6.0095837,51.6932302,CoordinatesConfidential_Mask!,DeadWildBirds,MN122150,AS201600051,brain,21.44
8,3160912039,2016-09-11,DateFound,Common Blackbird,Turdus merula,Turdidae,Passeriformes,Zevenaar,6901,Gelderland,6.0827546,51.9285662,CoordinatesConfidential_Mask!,DeadWildBirds,MN122152,AS201600060,brain,19.75
9,3160913003,2016-09-10,DateFound,Common Blackbird,Turdus merula,Turdidae,Passeriformes,Andelst,6673,Gelderland,5.7268894,51.8960209,CoordinatesConfidential_Mask!,DeadWildBirds,MN122153,AS201600062,spleen,16.99
10,3160920007,2016-09-19,DateFound,Common Blackbird,Turdus merula,Turdidae,Passeriformes,Vlijmen,5251,Brabant,5.225028992,51.68604332,CoordinatesConfidential_Mask!,DeadWildBirds,MN122154,AS201600089,brain,21.08
11,3160921005,2016-09-20,DateFound,Common Blackbird,Turdus merula,Turdidae,Passeriformes,Klarenbeek,7382,Gelderland,6.0802589,52.186449,CoordinatesConfidential_Mask!,DeadWildBirds,MN122155,AS201600095,brain,19.78
12,3160921025,2016-09-19,DateFound,Common Blackbird,Turdus merula,Turdidae,Passeriformes,Uden,5403,Brabant,5.6391415,51.6590306,CoordinatesConfidential_Mask!,DeadWildBirds,MN122156,AS201600098,brain,20.73
13,3160922002,2016-09-21,DateFound,Common Blackbird,Turdus merula,Turdidae,Passeriformes,Beek en donk,5741,Brabant,5.6275626,51.5404567,CoordinatesConfidential_Mask!,DeadWildBirds,MN122157,AS201600101,brain,20.34
14,3160922006,2016-09-21,DateFound,Common Blackbird,Turdus merula,Turdidae,Passeriformes,Heino,8141,Overijssel,6.2649086,52.4514188,CoordinatesConfidential_Mask!,DeadWildBirds,MN122158,AS201600104,brain,18.92
15,3160922008,2016-09-21,DateFound,Common Blackbird,Turdus merula,Turdidae,Passeriformes,Wernhout,4884,Brabant,4.6468783,51.4432385,CoordinatesConfidential_Mask!,DeadWildBirds,MN122159,AS201600107,brain,21.85
16,3160922013,2016-09-21,DateFound,Common Blackbird,Turdus merula,Turdidae,Passeriformes,Reek,5375,Brabant,5.670593237,51.73798292,CoordinatesConfidential_Mask!,DeadWildBirds,MN122160,AS201600110,brain,24.21
17,3160922023,2016-09-21,DateFound,Common Blackbird,Turdus merula,Turdidae,Passeriformes,Houten,3994,Utrecht,5.179281235,52.02637621,CoordinatesConfidential_Mask!,DeadWildBirds,MN122161,AS201600115,brain,24.06
18,3160922036,2016-09-22,DateFound,Common Blackbird,Turdus merula,Turdidae,Passeriformes,De bilt,3732,Utrecht,5.1917946,52.0905038,CoordinatesConfidential_Mask!,DeadWildBirds,MN122162,AS201600118,brain,21.02
19,3160922038,2016-09-22,DateFound,Common Blackbird,Turdus merula,Turdidae,Passeriformes,Haarzuilens,3455,Utrecht,4.983329773,52.11892776,CoordinatesConfidential_Mask!,DeadWildBirds,MN122163,AS201600121,brain,20.39
20,3160922039,2016-09-21,DateFound,Common Blackbird,Turdus merula,Turdidae,Passeriformes,Westervoort,6931,Gelderland,5.973472595,51.95885675,CoordinatesConfidential_Mask!,DeadWildBirds,MN122164,AS201600124,brain,23.8
21,3160923001,2016-09-22,DateFound,Common Blackbird,Turdus merula,Turdidae,Passeriformes,Devexer,7423,Overijssel,6.208584309,52.25728654,CoordinatesConfidential_Mask!,DeadWildBirds,MN122165,AS201600127,brain,17.47
22,3160923003,2016-09-21,DateFound,Common Blackbird,Turdus merula,Turdidae,Passeriformes,Overdinkel,7581,Overijssel,6.991274357,52.27397419,CoordinatesConfidential_Mask!,DeadWildBirds,MN122166,AS201600133,brain,22.59
23,3160923004,2016-09-22,DateFound,Common Blackbird,Turdus merula,Turdidae,Passeriformes,Arnhem,6825,Gelderland,5.9682424,51.9829815,CoordinatesConfidential_Mask!,DeadWildBirds,MN122167,AS201600136,brain,16.99
24,3160923030,2016-09-23,DateFound,Common Blackbird,Turdus merula,Turdidae,Passeriformes,Nieuwegein,3436,Utrecht,5.0667023,52.0354026,CoordinatesConfidential_Mask!,DeadWildBirds,MN122168,AS201600148,brain,24.79
25,3160927002,2016-09-26,DateFound,Common Blackbird,Turdus merula,Turdidae,Passeriformes,Landgraaf,5922,Limburg,6.023902253,50.89115378,CoordinatesConfidential_Mask!,DeadWildBirds,MN122177,AS201600253,brain,21.51
26,3160927003,2016-09-26,DateFound,Common Blackbird,Turdus merula,Turdidae,Passeriformes,De ronde venen,1390,Utrecht,4.971485138,52.27078357,CoordinatesConfidential_Mask!,DeadWildBirds,MN122181,AS201600277,brain,17.43
27,3160927005,2016-09-26,DateFound,Common Blackbird,Turdus merula,Turdidae,Passeriformes,Midden drexhe,9410,Drenthe,6.510772705,52.81459069,CoordinatesConfidential_Mask!,DeadWildBirds,MN122174,AS201600241,brain,20.16
28,3160927012,2016-09-26,DateFound,Common Blackbird,Turdus merula,Turdidae,Passeriformes,Zutphen,7200,Gelderland,6.224441528,52.13991514,CoordinatesConfidential_Mask!,DeadWildBirds,MN122175,AS201600244,brain,18.89
29,3160927013,2016-09-26,DateFound,Common Blackbird,Turdus merula,Turdidae,Passeriformes,Streek de liemers,6931,Gelderland,5.9694749,51.9534576,CoordinatesConfidential_Mask!,DeadWildBirds,MN122180,AS201600274,brain,21.11
30,3160929009,2016-09-28,DateFound,Common Blackbird,Turdus merula,Turdidae,Passeriformes,Almere,1300,Flevoland,5.282707214,52.40250893,CoordinatesConfidential_Mask!,DeadWildBirds,MN122172,AS201600221,brain,19.95
31,3160930004,2016-09-29,DateFound,Common Blackbird,Turdus merula,Turdidae,Passeriformes,Nederlek,2931,Z-Holland,4.684834,51.900694,CoordinatesConfidential_Mask!,DeadWildBirds,MN122179,AS201600268,brain,16.72
32,3160930005,2016-09-29,DateFound,Common Blackbird,Turdus merula,Turdidae,Passeriformes,Terneuzen,4532,Zeeland,3.938598633,51.28487099,CoordinatesConfidential_Mask!,DeadWildBirds,MN122176,AS201600247,brain,14.07
33,3160930006,2016-09-29,DateFound,Common Blackbird,Turdus merula,Turdidae,Passeriformes,Enschede,7511,Overijssel,6.910405755,52.20526692,CoordinatesConfidential_Mask!,DeadWildBirds,MN122178,AS201600265,brain,16.48
34,3160930007,2016-09-29,DateFound,Common Blackbird,Turdus merula,Turdidae,Passeriformes,Hilversum,1200,N-Holland,5.157343782,52.20987446,CoordinatesConfidential_Mask!,DeadWildBirds,MN122173,AS201600227,brain,26.23
35,3161005009,2016-10-04,DateFound,Common Blackbird,Turdus merula,Turdidae,Passeriformes,Lelystad,8225,Flevoland,5.4454422,52.53559434,CoordinatesConfidential_Mask!,DeadWildBirds,MN122171,AS201600203,brain,32.01
36,3161007002,2016-10-06,DateFound,Common Blackbird,Turdus merula,Turdidae,Passeriformes,Doetinchem,7000,Gelderland,6.3003207,51.9588768,CoordinatesConfidential_Mask!,DeadWildBirds,MN122169,AS201600173,brain,20.33
37,3161011005,2016-10-09,DateFound,Common Blackbird,Turdus merula,Turdidae,Passeriformes,Reimerswaal,4400,Zeeland,4.1849327,51.4145472,CoordinatesConfidential_Mask!,DeadWildBirds,MN122170,AS201600197,brain,20.13
38,3170405004,2017-04-04,DateFound,Common Blackbird,Turdus merula,Turdidae,Passeriformes,Eindhoven,5629,Brabant,5.468262,51.48622,CoordinatesConfidential_Mask!,DeadWildBirds,MN122188,AS201700024,brain,19.88
39,3170705003,2017-07-03,DateFound,Common Blackbird,Turdus merula,Turdidae,Passeriformes,Best,5681,Brabant,5.397549,51.509159,CoordinatesConfidential_Mask!,DeadWildBirds,MN122189,AS201700077,brain,16.8
40,3170705037,2017-07-04,DateFound,Common Blackbird,Turdus merula,Turdidae,Passeriformes,Bunnik,3980,Utrecht,5.202545,52.064253,CoordinatesConfidential_Mask!,DeadWildBirds,MN122191,AS201700084,brain,16.6
41,3170707005,2017-07-05,DateFound,Common Blackbird,Turdus merula,Turdidae,Passeriformes,Bilthoven,3732,Utrecht,5.216197,52.138084,CoordinatesConfidential_Mask!,DeadWildBirds,MN122190,AS201700080,brain,19.6
42,3170713001,2017-07-11,DateFound,Common Blackbird,Turdus merula,Turdidae,Passeriformes,Best,5681,Brabant,5.4007269,51.5087219,CoordinatesConfidential_Mask!,DeadWildBirds,MN122192,AS201700086,brain,18.3
43,3170713002,2017-07-11,DateFound,Common Blackbird,Turdus merula,Turdidae,Passeriformes,Zutphen,7200,Gelderland,6.1996464,52.124716,CoordinatesConfidential_Mask!,DeadWildBirds,MN122193,AS201700087,heart,17
44,3170714005,2017-07-13,DateFound,Common Blackbird,Turdus merula,Turdidae,Passeriformes,Doetinchem,7000,Gelderland,6.2813474,51.9624833,CoordinatesConfidential_Mask!,DeadWildBirds,MN122194,AS201700090,brain,13.9
45,3170718007,2017-07-14,DateFound,Common Blackbird,Turdus merula,Turdidae,Passeriformes,Rosmalen,5243,Brabant,5.370002,51.707364,CoordinatesConfidential_Mask!,DeadWildBirds,MN122195,AS201700096,brain,14.4
46,3170719003,2017-07-17,DateFound,Common Blackbird,Turdus merula,Turdidae,Passeriformes,Ijsselstein,3400,Utrecht,5.029924,52.029367,CoordinatesConfidential_Mask!,DeadWildBirds,MN122205,AS201700152,brain,24.98
47,3170720004,2017-07-19,DateFound,Common Blackbird,Turdus merula,Turdidae,Passeriformes,Gelmonde,5293,Brabant,5.356223,51.617245,CoordinatesConfidential_Mask!,DeadWildBirds,MN122196,AS201700103,brain,22.7
48,3170726001,2017-07-25,DateFound,Common Blackbird,Turdus merula,Turdidae,Passeriformes,Soest,3764,Utrecht,5.298339,52.175925,CoordinatesConfidential_Mask!,DeadWildBirds,MN122197,AS201700106,brain,23.8
49,3170727007,2017-07-25,DateFound,Common Blackbird,Turdus merula,Turdidae,Passeriformes,Bennekom,6721,Gelderland,5.677516,52.008333,CoordinatesConfidential_Mask!,DeadWildBirds,MN122198,AS201700109,brain,25.2
50,3170728001,2017-07-27,DateFound,Common Blackbird,Turdus merula,Turdidae,Passeriformes,Enschede,7504,Overijssel,6.893072,52.232071,CoordinatesConfidential_Mask!,DeadWildBirds,MN122199,AS201700112,brain,18
51,3170801003,2017-07-30,DateFound,Common Blackbird,Turdus merula,Turdidae,Passeriformes,Grenspad,3233,N-Holland,5.138683,52.310053,CoordinatesConfidential_Mask!,DeadWildBirds,MN122200,AS201700118,brain,22
52,3170802012,2017-08-01,DateFound,Common Blackbird,Turdus merula,Turdidae,Passeriformes,Koekange,7958,Drenthe,6.358166,52.723004,CoordinatesConfidential_Mask!,DeadWildBirds,MN122201,AS201700121,brain,27.8
53,3170802014,2017-08-01,DateFound,Common Blackbird,Turdus merula,Turdidae,Passeriformes,Enschede,7504,Overijssel,6.836999,52.220662,CoordinatesConfidential_Mask!,DeadWildBirds,MN122202,AS201700124,brain,16.4
54,3170804001,2017-08-03,DateFound,Common Blackbird,Turdus merula,Turdidae,Passeriformes,Huizen,1271,N-Holland,5.247442,52.299934,CoordinatesConfidential_Mask!,DeadWildBirds,MN122203,AS201700127,brain,26.6
55,3170804002,2017-08-03,DateFound,Common Blackbird,Turdus merula,Turdidae,Passeriformes,Lelystad,8225,Flevoland,5.487489,52.520249,CoordinatesConfidential_Mask!,DeadWildBirds,MN122204,AS201700130,brain,20.5
56,3170810007,2017-08-08,DateFound,Common Blackbird,Turdus merula,Turdidae,Passeriformes,Almere,1300,Flevoland,5.229774,52.386299,CoordinatesConfidential_Mask!,DeadWildBirds,MN122206,AS201700155,brain,15.13
57,3170825001,2017-08-24,DateFound,Common Blackbird,Turdus merula,Turdidae,Passeriformes,Almere,1300,Flevoland,5.251042,52.373152,CoordinatesConfidential_Mask!,DeadWildBirds,MN122207,AS201700167,brain,29.27
58,3170825002,2017-08-24,DateFound,Common Blackbird,Turdus merula,Turdidae,Passeriformes,Almere,1300,Flevoland,5.224232,52.340451,CoordinatesConfidential_Mask!,DeadWildBirds,MN122208,AS201700170,brain,26.03
59,3170907009,2017-08-30,DateFound,Common Blackbird,Turdus merula,Turdidae,Passeriformes,Utrecht,3521,Utrecht,5.074119,52.121976,CoordinatesConfidential_Mask!,DeadWildBirds,MN122209,AS201700174,brain,22.72
60,3170913006,2017-09-12,DateFound,Common Blackbird,Turdus merula,Turdidae,Passeriformes,Zoeterwoude,2381,Z-Holland,4.498621,52.120798,CoordinatesConfidential_Mask!,DeadWildBirds,MN122211,AS201700186,brain,23.93
61,3170914033,2017-09-13,DateFound,Common Blackbird,Turdus merula,Turdidae,Passeriformes,Eext,9463,Drenthe,6.7466151,53.039981,CoordinatesConfidential_Mask!,DeadWildBirds,MN122212,AS201700189,brain,16.52
62,3170915001,2017-09-14,DateFound,Common Blackbird,Turdus merula,Turdidae,Passeriformes,Epe,8160,Gelderland,5.979202,52.365962,CoordinatesConfidential_Mask!,DeadWildBirds,MN122210,AS201700177,brain,21.85
63,3170920008,2017-09-19,DateFound,Common Blackbird,Turdus merula,Turdidae,Passeriformes,Hardinxveld-giessendam,3370,Z-Holland,4.833416,51.822735,CoordinatesConfidential_Mask!,DeadWildBirds,MN122213,AS201700248,brain,23.65
64,3170922002,2017-09-21,DateFound,Common Blackbird,Turdus merula,Turdidae,Passeriformes,Hilversum,1200,N-Holland,4.89299,52.37269,CoordinatesConfidential_Mask!,DeadWildBirds,MN122214,AS201700254,brain,17.92
65,3180727033,2018-08-26,DateFound,Common Blackbird,Turdus merula,Turdidae,Passeriformes,Naarden,1412,N-Holland,5.154406,52.296909,CoordinatesConfidential_Mask!,DeadWildBirds,MN122216,AS201800081,brain,17.69
66,3180727034,2018-08-26,DateFound,Common Blackbird,Turdus merula,Turdidae,Passeriformes,Naarden,1412,N-Holland,5.154406,52.296909,CoordinatesConfidential_Mask!,DeadWildBirds,MN122217,AS201800082,brain,20.39
67,3180731007,2018-07-30,DateFound,Common Blackbird,Turdus merula,Turdidae,Passeriformes,Spijk,4147,Gelderland,6.841074,53.397484,CoordinatesConfidential_Mask!,DeadWildBirds,MN122218,AS201800084,brain,27.04
68,3180801019,2018-07-30,DateFound,European Greenfinch,Chloris chloris,Fringillidae,Passeriformes,Middelburg,4330,Zeeland,3.615344,51.523512,CoordinatesConfidential_Mask!,DeadWildBirds,NA,AS201800085,brain,17.22
69,3180801022,2018-07-30,DateFound,Common Blackbird,Turdus merula,Turdidae,Passeriformes,Middelburg,4330,Zeeland,3.615344,51.523512,CoordinatesConfidential_Mask!,DeadWildBirds,MN122219,AS201800086,brain,27.86
70,3180801026,2018-07-31,DateFound,Common Blackbird,Turdus merula,Turdidae,Passeriformes,Wierden,7465,Overijssel,6.541133,52.36006,CoordinatesConfidential_Mask!,DeadWildBirds,MN122220,AS201800087,brain,21.72
71,3180801028,2018-07-31,DateFound,Common Blackbird,Turdus merula,Turdidae,Passeriformes,Losser,7580,Overijssel,6.992081,52.266519,CoordinatesConfidential_Mask!,DeadWildBirds,MN122221,AS201800088,brain,18.6
72,3180802005,2018-07-31,DateFound,Common Blackbird,Turdus merula,Turdidae,Passeriformes,Rijswijk,2280,Z-Holland,4.348008,52.027768,CoordinatesConfidential_Mask!,DeadWildBirds,MN122222,AS201800089,brain,22.61
73,3180802008,2018-07-31,DateFound,Common Blackbird,Turdus merula,Turdidae,Passeriformes,Ermelo,3850,Gelderland,5.605118,52.294093,CoordinatesConfidential_Mask!,DeadWildBirds,MN122223,AS201800090,brain,28.02
74,3180802010,2018-07-31,DateFound,Common Blackbird,Turdus merula,Turdidae,Passeriformes,Ermelo,3850,Gelderland,5.605118,52.294093,CoordinatesConfidential_Mask!,DeadWildBirds,MN122224,AS201800091,brain,17.73
75,3180802014,2018-08-01,DateFound,Common Blackbird,Turdus merula,Turdidae,Passeriformes,Rotterdam,3000,Z-Holland,4.565227,51.965943,CoordinatesConfidential_Mask!,DeadWildBirds,MN122225,AS201800092,brain,23.42
76,3180803011,2018-08-01,DateFound,Common Blackbird,Turdus merula,Turdidae,Passeriformes,Oldambt,9670,Groningen,7.09163,53.17061,CoordinatesConfidential_Mask!,DeadWildBirds,MN122229,AS201800097,liver,28.93
77,3180803014,2018-08-02,DateFound,Common Blackbird,Turdus merula,Turdidae,Passeriformes,Leiden,2300,Z-Holland,4.455161,52.152462,CoordinatesConfidential_Mask!,DeadWildBirds,MN122226,AS201800093,brain,19.4
78,3180803038,2018-08-03,DateFound,Common Blackbird,Turdus merula,Turdidae,Passeriformes,Bilthoven,3615,Utrecht,5.20952,52.130297,CoordinatesConfidential_Mask!,DeadWildBirds,MN122227,AS201800094,brain,20.94
79,3180806001,2018-08-03,DateFound,Common Blackbird,Turdus merula,Turdidae,Passeriformes,Middelburg,4330,Zeeland,3.608769,51.505723,CoordinatesConfidential_Mask!,DeadWildBirds,MN122228,AS201800095,brain,23.58
80,3180807002,2018-08-05,DateFound,Common Blackbird,Turdus merula,Turdidae,Passeriformes,Noordoostpolder,8300,Flevoland,5.771491,52.652433,CoordinatesConfidential_Mask!,DeadWildBirds,MN122230,AS201800099,brain,22.52
81,3180807003,2018-08-06,DateFound,Common Blackbird,Turdus merula,Turdidae,Passeriformes,Venlo,5900,Limburg,6.183023,51.475502,CoordinatesConfidential_Mask!,DeadWildBirds,MN122231,AS201800100,brain,20.24
82,3180807004,2018-08-05,DateFound,Common Blackbird,Turdus merula,Turdidae,Passeriformes,Tynaarlo,9470,Drenthe,6.571524,53.144701,CoordinatesConfidential_Mask!,DeadWildBirds,MN122232,AS201800101,brain,27.4
83,3180809002,2018-08-08,DateFound,Common Blackbird,Turdus merula,Turdidae,Passeriformes,Noordenveld,9300,Drenthe,6.47444,53.13835,CoordinatesConfidential_Mask!,DeadWildBirds,MN122233,AS201800102,brain,20.81
84,3180810001,2018-08-08,DateFound,Common Blackbird,Turdus merula,Turdidae,Passeriformes,Raalte,8100,Overijssel,6.26483,52.38229,CoordinatesConfidential_Mask!,DeadWildBirds,MN122234,AS201800103,brain,22.19
85,3180814001,2018-08-13,DateFound,Common Blackbird,Turdus merula,Turdidae,Passeriformes,Boekel,5427,Brabant,5.749067,51.595176,CoordinatesConfidential_Mask!,DeadWildBirds,MN122235,AS201800112,brain,16.36
86,3180814002,2018-08-12,DateFound,Common Blackbird,Turdus merula,Turdidae,Passeriformes,Westland,2291,Z-Holland,4.20754,51.98573,CoordinatesConfidential_Mask!,DeadWildBirds,MN122236,AS201800113,brain,15.97
87,3180815002,2018-08-14,DateFound,Common Blackbird,Turdus merula,Turdidae,Passeriformes,Noordoostpolder,8300,Flevoland,5.71654,52.67475,CoordinatesConfidential_Mask!,DeadWildBirds,MN122237,AS201800114,brain,22.7
88,3180816001,2018-08-14,DateFound,Common Blackbird,Turdus merula,Turdidae,Passeriformes,Groningen,9919,Groningen,6.591315,53.225497,CoordinatesConfidential_Mask!,DeadWildBirds,MN122239,AS201800116,brain,17.15
89,3180817002,2018-08-15,DateFound,Common Blackbird,Turdus merula,Turdidae,Passeriformes,Den haag,2514,Z-Holland,4.23863,52.043454,CoordinatesConfidential_Mask!,DeadWildBirds,MN122240,AS201800118,brain,25.68
90,3180817005,2018-08-16,DateFound,Common Blackbird,Turdus merula,Turdidae,Passeriformes,Utrechtse heuvelrug,3941,Utrecht,5.406507,52.056037,CoordinatesConfidential_Mask!,DeadWildBirds,MN122241,AS201800120,brain,22.09
91,3180817007,2018-08-15,DateFound,Common Blackbird,Turdus merula,Turdidae,Passeriformes,Heerenveen,8440,Friesland,5.967691,52.96839,CoordinatesConfidential_Mask!,DeadWildBirds,MN122242,AS201800121,brain,17.8
92,3180821001,2018-08-20,DateFound,Common Blackbird,Turdus merula,Turdidae,Passeriformes,Tytsjerksteradiel,9251,Friesland,6.002426,53.163623,CoordinatesConfidential_Mask!,DeadWildBirds,MN122243,AS201800122,brain,21
93,3180821002,2018-08-17,DateFound,Common Blackbird,Turdus merula,Turdidae,Passeriformes,Tytsjerksteradiel,9251,Friesland,6.002426,53.163623,CoordinatesConfidential_Mask!,DeadWildBirds,MN122244,AS201800123,brain,20.02
94,3180822003,2018-08-20,DateFound,Common Blackbird,Turdus merula,Turdidae,Passeriformes,Westerveld,7970,Drenthe,6.19174,52.87514,CoordinatesConfidential_Mask!,DeadWildBirds,MN122245,AS201800125,brain,25.03
95,3180822005,2018-08-20,DateFound,Common Blackbird,Turdus merula,Turdidae,Passeriformes,Hardenberg,7770,Overijssel,6.419867,52.614636,CoordinatesConfidential_Mask!,DeadWildBirds,MN122246,AS201800126,brain,24
96,3180822006,2018-08-21,DateFound,Common Blackbird,Turdus merula,Turdidae,Passeriformes,Groningen,9919,Groningen,6.7296,53.297176,CoordinatesConfidential_Mask!,DeadWildBirds,MN122247,AS201800127,brain,25.07
97,3180822007,2018-08-20,DateFound,Common Blackbird,Turdus merula,Turdidae,Passeriformes,Zuidhorn,9800,Groningen,6.399322,53.244352,CoordinatesConfidential_Mask!,DeadWildBirds,MN122248,AS201800128,brain,15.74
98,3180823001,2018-08-21,DateFound,Common Blackbird,Turdus merula,Turdidae,Passeriformes,Lochem,7240,Gelderland,6.416419,52.164029,CoordinatesConfidential_Mask!,DeadWildBirds,MN122249,AS201800129,brain,21.44
99,3180824002,2018-08-22,DateFound,Common Blackbird,Turdus merula,Turdidae,Passeriformes,Wunseradiel,8741,Friesland,5.50425,53.040959,CoordinatesConfidential_Mask!,DeadWildBirds,NA,AS201800175,brain,22.51
100,3180830002,2018-08-28,DateFound,Common Blackbird,Turdus merula,Turdidae,Passeriformes,Bloemendaal,2050,N-Holland,4.591959,52.360836,CoordinatesConfidential_Mask!,DeadWildBirds,MN122250,AS201800150,brain,23.67
101,3180830003,2018-08-29,DateFound,Common Blackbird,Turdus merula,Turdidae,Passeriformes,Bloemendaal,2050,N-Holland,4.591959,52.360836,CoordinatesConfidential_Mask!,DeadWildBirds,MN122251,AS201800151,brain,24.42
102,3180830007,2018-08-29,DateFound,Common Blackbird,Turdus merula,Turdidae,Passeriformes,Bloemendaal,2050,N-Holland,4.591959,52.360836,CoordinatesConfidential_Mask!,DeadWildBirds,MN122252,AS201800152,brain,20.87
103,3180831005,2018-08-29,DateFound,Common Blackbird,Turdus merula,Turdidae,Passeriformes,Oldebroek,8079,Gelderland,6.1782768,52.0768757,CoordinatesConfidential_Mask!,DeadWildBirds,MN122253,AS201800154,brain,17.26
104,3180831008,2018-08-29,DateFound,Common Blackbird,Turdus merula,Turdidae,Passeriformes,Heerhugowaard,1700,N-Holland,4.840914,52.663067,CoordinatesConfidential_Mask!,DeadWildBirds,MN122254,AS201800155,brain,16.16
105,3180831032,2018-08-30,DateFound,Common Blackbird,Turdus merula,Turdidae,Passeriformes,Bosch en duin,3735,Utrecht,5.2428734,52.1194828,CoordinatesConfidential_Mask!,DeadWildBirds,MN122255,AS201800156,brain,17.99
106,3180904004,2018-09-03,DateFound,Common Blackbird,Turdus merula,Turdidae,Passeriformes,Borger-odoorn,7858,Drenthe,6.851028,52.851453,CoordinatesConfidential_Mask!,DeadWildBirds,MN122256,AS201800157,brain,22.89
107,3190821003,2019-08-19,DateFound,Common Blackbird,Turdus merula,Turdidae,Passeriformes,Utrechtse heuvelrug,3958,Utrecht,5.456098,51.997412,CoordinatesConfidential_Mask!,DeadWildBirds,NA,AS20190530,brain,20.93
108,3190829003,2019-08-27,DateFound,Common Blackbird,Turdus merula,Turdidae,Passeriformes,Renkum,NA,Gelderland,5.810541,51.975351,CoordinatesConfidential_Mask!,DeadWildBirds,NA,AS20190490,brain,19.68
109,3190829004,2019-08-28,DateFound,Common Blackbird,Turdus merula,Turdidae,Passeriformes,Amersfoort,NA,Utrecht,5.382387,52.199099,CoordinatesConfidential_Mask!,DeadWildBirds,NA,AS20190494,brain,19.79
110,3190904012,2019-09-03,DateFound,Common Blackbird,Turdus merula,Turdidae,Passeriformes,Gemert-bakel,NA,Brabant,5.715593,51.577646,CoordinatesConfidential_Mask!,DeadWildBirds,NA,AS20190450,brain,20.22
111,3190919001,2019-09-18,DateFound,House Sparrow,Passer domesticus,Passeridae,Passeriformes,Vlagtwedde,NA,Groningen,7.133,52.995,CoordinatesConfidential_Mask!,DeadWildBirds,NA,AS20190643,brain,29.47
112,3190919022,2019-09-19,DateFound,Dunnock,Prunella modularis,Prunellidae,Passeriformes,Vught,NA,Brabant,5.371,51.707,CoordinatesConfidential_Mask!,DeadWildBirds,NA,AS20190579,brain,17.99
113,3200818010,2020-08-16,DateFound,Common Blackbird,Turdus merula,Turdidae,Passeriformes,Overbetuwe,NA,Gelderland,5.839492,51.911788,CoordinatesConfidential_Mask!,DeadWildBirds,NA,AS20200367,brain,13.88
114,3200821004,2020-08-19,DateFound,Common Blackbird,Turdus merula,Turdidae,Passeriformes,Overbetuwe,NA,Gelderland,5.810703,51.961254,CoordinatesConfidential_Mask!,DeadWildBirds,NA,AS20200415,brain,21.63
115,3200824016,2020-08-23,DateFound,Common Blackbird,Turdus merula,Turdidae,Passeriformes,Buren,NA,Gelderland,5.512662,51.946166,CoordinatesConfidential_Mask!,DeadWildBirds,NA,AS20200342,brain,15.68
116,3200827002,2020-08-25,DateFound,Blue Tit,Cyanistes caeruleus,Paridae,Passeriformes,Ubbergen,NA,Gelderland,5.933292,51.826599,CoordinatesConfidential_Mask!,DeadWildBirds,NA,AS20200444,spleen,15.29
117,3200916002,2020-09-15,DateFound,Common Blackbird,Turdus merula,Turdidae,Passeriformes,Alblasserwaard,NA,Z-Holland,4.675014,51.829309,CoordinatesConfidential_Mask!,DeadWildBirds,NA,AS20200487,brain,23.21
118,3200918005,2020-09-15,DateFound,Blue Tit,Cyanistes caeruleus,Paridae,Passeriformes,Haarlemmermeer,NA,N-Holland,4.6217,52.2731,CoordinatesConfidential_Mask!,DeadWildBirds,NA,AS20200586,brain,18.98
119,3200918030,2020-09-17,DateFound,Blue Tit,Cyanistes caeruleus,Paridae,Passeriformes,Arnhem,NA,Gelderland,5.945816,51.996226,CoordinatesConfidential_Mask!,DeadWildBirds,NA,AS20200531,brain,29.52
120,3200923047,2020-08-22,DateFound,Common Blackbird,Turdus merula,Turdidae,Passeriformes,Wageningen,NA,Gelderland,5.654447,51.983521,CoordinatesConfidential_Mask!,DeadWildBirds,NA,AS20200605,brain,19.76
121,3200923049,2020-08-26,DateFound,Common Blackbird,Turdus merula,Turdidae,Passeriformes,Laag-Soeren,NA,Gelderland,6.074,52.0836,CoordinatesConfidential_Mask!,DeadWildBirds,NA,AS20200610,brain,28.64
122,3200924013,2020-09-21,DateFound,Common Blackbird,Turdus merula,Turdidae,Passeriformes,Eersel,NA,Brabant,5.30713,51.34886,CoordinatesConfidential_Mask!,DeadWildBirds,NA,AS20200526,brain,22.64
123,3200925001,2020-09-24,DateFound,Common Wood Pigeon,Columba palumbus,Columbidae,Columbiformes,Weesp,NA,N-Holland,5.0443,52.3067,CoordinatesConfidential_Mask!,DeadWildBirds,NA,AS20200536,brain,30.12
124,3200928006,2020-09-27,DateFound,Common Blackbird,Turdus merula,Turdidae,Passeriformes,Soest,NA,Utrecht,5.284951,52.16848,CoordinatesConfidential_Mask!,DeadWildBirds,NA,AS20200561,brain,20.88
125,3200929004,2020-09-27,DateFound,Common Blackbird,Turdus merula,Turdidae,Passeriformes,Utrecht,NA,Utrecht,4.8752,52.0203,CoordinatesConfidential_Mask!,DeadWildBirds,NA,AS20200523,brain,21.18
126,3200929004,2020-09-27,DateFound,Common Blackbird,Turdus merula,Turdidae,Passeriformes,Utrecht,NA,Utrecht,4.8752,52.0203,CoordinatesConfidential_Mask!,DeadWildBirds,NA,AS20200566,brain,19.88
127,3201001008,2020-09-30,DateFound,Common Blackbird,Turdus merula,Turdidae,Passeriformes,Beesel,NA,Limburg,6.082486,51.287124,CoordinatesConfidential_Mask!,DeadWildBirds,NA,AS20200689,brain,19.02
128,3210831005,2021-08-30,DateFound,Common Blackbird,Turdus merula,Turdidae,Passeriformes,Nieuwegein,NA,Utrecht,5.11569,52.038546,CoordinatesConfidential_Mask!,DeadWildBirds,NA,AS20210914,brain,NA
129,3210921030,2021-09-19,DateFound,Common Blackbird,Turdus merula,Turdidae,Passeriformes,Wanssum,NA,Limburg,6.08966,51.54173,CoordinatesConfidential_Mask!,DeadWildBirds,NA,AS20210829,brain,NA
130,3220726004,2022-07-24,DateFound,Common Blackbird,Turdus merula,Turdidae,Passeriformes,Eindhoven,NA,Brabant,5.425287,51.48124,CoordinatesConfidential_Mask!,DeadWildBirds,NA,AS20221670,lung,NA
131,3220729002,2022-07-28,DateFound,Common Blackbird,Turdus merula,Turdidae,Passeriformes,Eindhoven,NA,Brabant,5.530356,51.447344,CoordinatesConfidential_Mask!,DeadWildBirds,NA,AS20221627,brain,NA
132,3220805001,2022-08-04,DateFound,Common Blackbird,Turdus merula,Turdidae,Passeriformes,Hoogerheide,NA,Brabant,4.312441,51.427004,CoordinatesConfidential_Mask!,DeadWildBirds,NA,AS20221637,brain,NA
133,3220809002,2022-08-08,DateFound,Common Blackbird,Turdus merula,Turdidae,Passeriformes,Den bosch,NA,Brabant,5.297538,51.693263,CoordinatesConfidential_Mask!,DeadWildBirds,NA,AS20221660,lung,NA
134,3220810003,2022-08-04,DateFound,Common Blackbird,Turdus merula,Turdidae,Passeriformes,Klein zundert,NA,Brabant,4.646389,51.474871,CoordinatesConfidential_Mask!,DeadWildBirds,NA,AS20221657,brain,NA
135,3220810004,2022-08-08,DateFound,Common Blackbird,Turdus merula,Turdidae,Passeriformes,Drunen,NA,Brabant,5.133012,51.690288,CoordinatesConfidential_Mask!,DeadWildBirds,NA,AS20221617,brain,NA
136,3220816005,2022-08-11,DateFound,Common Blackbird,Turdus merula,Turdidae,Passeriformes,Drunen,NA,Brabant,5.133595,51.690117,CoordinatesConfidential_Mask!,DeadWildBirds,NA,AS20221784,brain,20.94
137,3220823002,2022-08-22,DateFound,Common Blackbird,Turdus merula,Turdidae,Passeriformes,Hardinxveld-giessendam,NA,Z-Holland,4.89292,51.823499,CoordinatesConfidential_Mask!,DeadWildBirds,NA,AS20221838,brain,24.58
138,3220826002,2022-08-24,DateFound,Common Blackbird,Turdus merula,Turdidae,Passeriformes,Heelsum,NA,Gelderland,5.561771,51.96317,CoordinatesConfidential_Mask!,DeadWildBirds,NA,AS20221760,brain,19.84
139,3220826003,2022-08-26,DateFound,Common Blackbird,Turdus merula,Turdidae,Passeriformes,Heelsum,NA,Gelderland,5.561771,51.96317,CoordinatesConfidential_Mask!,DeadWildBirds,NA,AS20221780,brain,23.89
140,3220826005,2022-08-24,DateFound,Common Blackbird,Turdus merula,Turdidae,Passeriformes,Alblasserdam,NA,Z-Holland,4.6619,51.8597,CoordinatesConfidential_Mask!,DeadWildBirds,NA,AS20221789,brain,23.55
141,3220826031,2022-08-24,DateFound,Common Blackbird,Turdus merula,Turdidae,Passeriformes,Heelsum,NA,Gelderland,5.72323,51.97387,CoordinatesConfidential_Mask!,DeadWildBirds,NA,AS20221813,brain,22.03
142,3220830001,2022-08-28,DateFound,Common Blackbird,Turdus merula,Turdidae,Passeriformes,Venlo,NA,Limburg,6.17736,51.36641,CoordinatesConfidential_Mask!,DeadWildBirds,NA,AS20221775,brain,19.28
143,3220830026,2022-08-28,DateFound,Common Blackbird,Turdus merula,Turdidae,Passeriformes,Almere,NA,Flevoland,5.216535,52.34939,CoordinatesConfidential_Mask!,DeadWildBirds,NA,AS20221833,brain,25.79
144,3220831002,2022-08-26,DateFound,Common Blackbird,Turdus merula,Turdidae,Passeriformes,Klein zundert,NA,Brabant,4.727669,51.546697,CoordinatesConfidential_Mask!,DeadWildBirds,NA,AS20221828,brain,28.56
145,3220901001,2022-08-30,DateFound,Common Blackbird,Turdus merula,Turdidae,Passeriformes,Gendt,NA,Gelderland,5.973863,51.875934,CoordinatesConfidential_Mask!,DeadWildBirds,NA,AS20221798,lung,16.93
146,3220901002,2022-08-31,DateFound,Common Blackbird,Turdus merula,Turdidae,Passeriformes,Eindhoven,NA,Brabant,5.458261,51.44282,CoordinatesConfidential_Mask!,DeadWildBirds,NA,AS20221818,brain,13.05
147,3220905001,2022-09-02,DateFound,Common Blackbird,Turdus merula,Turdidae,Passeriformes,Bosschenhoofd,NA,Brabant,4.553851,51.56437,CoordinatesConfidential_Mask!,DeadWildBirds,NA,AS20221803,brain,13.5
148,3220906004,2022-09-03,DateFound,Common Blackbird,Turdus merula,Turdidae,Passeriformes,Houten,NA,Utrecht,5.193804,52.01295,CoordinatesConfidential_Mask!,DeadWildBirds,NA,AS20221851,brain,14.48
149,3220906010,2022-09-03,DateFound,Common Blackbird,Turdus merula,Turdidae,Passeriformes,Delft,NA,Z-Holland,4.377079,52.015294,CoordinatesConfidential_Mask!,DeadWildBirds,NA,AS20221846,lung,23.91
150,3220906011,2022-09-04,DateFound,Common Blackbird,Turdus merula,Turdidae,Passeriformes,Delft,NA,Z-Holland,4.375638,52.01464,CoordinatesConfidential_Mask!,DeadWildBirds,NA,AS20221842,brain,19.15
151,3220907004,2022-09-04,DateFound,Common Blackbird,Turdus merula,Turdidae,Passeriformes,Heesch,NA,Brabant,5.521295,51.727871,CoordinatesConfidential_Mask!,DeadWildBirds,NA,AS20221923,brain,14
152,3220913007,2022-09-11,DateFound,Common Blackbird,Turdus merula,Turdidae,Passeriformes,Bennekom,NA,Gelderland,5.683831,51.993896,CoordinatesConfidential_Mask!,DeadWildBirds,NA,AS20221898,lung,17.2
153,3220913010,2022-09-11,DateFound,Common Blackbird,Turdus merula,Turdidae,Passeriformes,Sibculo,NA,Overijssel,6.6402,52.4837,CoordinatesConfidential_Mask!,DeadWildBirds,NA,AS20221875,brain,14.75
154,3220913012,2022-09-12,DateFound,Common Blackbird,Turdus merula,Turdidae,Passeriformes,Enschede,NA,Overijssel,6.8435,52.1881,CoordinatesConfidential_Mask!,DeadWildBirds,NA,AS20221880,brain,30.36
155,3220914008,2022-09-12,DateFound,Common Blackbird,Turdus merula,Turdidae,Passeriformes,Nuenen,NA,Brabant,5.563621,51.472629,CoordinatesConfidential_Mask!,DeadWildBirds,NA,AS20221908,brain,19.35
156,3220914010,2022-09-11,DateFound,Common Blackbird,Turdus merula,Turdidae,Passeriformes,Saasveld,NA,Overijssel,6.787629,52.336941,CoordinatesConfidential_Mask!,DeadWildBirds,NA,AS20221913,brain,14.1
157,3220915004,2022-09-14,DateFound,Common Blackbird,Turdus merula,Turdidae,Passeriformes,Son,NA,Brabant,5.491752,51.514104,CoordinatesConfidential_Mask!,DeadWildBirds,NA,AS20221860,brain,19.71
158,3220915005,2022-09-13,DateFound,Common Blackbird,Turdus merula,Turdidae,Passeriformes,Nieuw-vennep,NA,N-Holland,4.6299,52.2641,CoordinatesConfidential_Mask!,DeadWildBirds,NA,AS20221903,brain,21.09
159,3220916001,2022-09-14,DateFound,Common Blackbird,Turdus merula,Turdidae,Passeriformes,Steenenkamer,NA,Gelderland,6.149481,52.248033,CoordinatesConfidential_Mask!,DeadWildBirds,NA,AS20221884,brain,28.23
160,3220920001,2022-09-18,DateFound,Common Blackbird,Turdus merula,Turdidae,Passeriformes,Leersum,NA,Utrecht,5.4312,52.017,CoordinatesConfidential_Mask!,DeadWildBirds,NA,AS20221889,brain,26.84
161,3220920003,2022-09-15,DateFound,Blue Tit,Cyanistes caeruleus,Paridae,Passeriformes,Zundert,NA,Brabant,4.6715,51.4719,CoordinatesConfidential_Mask!,DeadWildBirds,NA,AS20221918,brain,26.41
162,3220921003,2022-09-19,DateFound,House Sparrow,Passer domesticus,Passeridae,Passeriformes,Baarlo,5991 XJ,Limburg,6.0944,51.328,CoordinatesConfidential_Mask!,DeadWildBirds,NA,AS20221994,brain,22.89
163,3220922004,2022-09-20,DateFound,Common Blackbird,Turdus merula,Turdidae,Passeriformes,Ede,6717 ET,Gelderland,5.655357,52.027421,CoordinatesConfidential_Mask!,DeadWildBirds,NA,AS20221942,brain,17.49
164,3220923004,2022-09-20,DateFound,Common Blackbird,Turdus merula,Turdidae,Passeriformes,Mheer,6261 NJ,Limburg,5.796625,50.776109,CoordinatesConfidential_Mask!,DeadWildBirds,NA,AS20221974,brain,16.39
165,3220923009,2022-09-22,DateFound,Song Thrush,Turdus philomelos,Turdidae,Passeriformes,Enschede,8523 BG,Overijssel,6.790261,52.262464,CoordinatesConfidential_Mask!,DeadWildBirds,NA,AS20221999,brain,29.78
166,3220927001,2022-09-25,DateFound,Common Blackbird,Turdus merula,Turdidae,Passeriformes,Naarden,1411 BR,N-Holland,5.196177956,52.34358081,CoordinatesConfidential_Mask!,DeadWildBirds,NA,AS20221928,Pharyngeal_Swab,24.13
167,3220927002,2022-09-25,DateFound,Common Blackbird,Turdus merula,Turdidae,Passeriformes,Heelsum,6866 NA,Gelderland,5.678227,51.977018,CoordinatesConfidential_Mask!,DeadWildBirds,NA,AS20221958,feather,15.75
168,3220927003,2022-09-26,DateFound,Common Wood Pigeon,Columba palumbus,Columbidae,Columbiformes,Bennekom,6721 NN,Gelderland,5.6361,52.0036,CoordinatesConfidential_Mask!,DeadWildBirds,NA,AS20221964,brain,28.7
169,3220928006,2022-09-25,DateFound,Common Blackbird,Turdus merula,Turdidae,Passeriformes,Oosterbeek,6861 ZM,Gelderland,5.84878,51.99054,CoordinatesConfidential_Mask!,DeadWildBirds,NA,AS20221957,brain,17.89
170,3220929012,2022-09-27,DateFound,Eurasian Collared Dove,Streptopelia decaocto,Columbidae,Columbiformes,Leusden,3832 BE,Utrecht,5.407398,52.115666,CoordinatesConfidential_Mask!,DeadWildBirds,NA,AS20221952,brain,28.77
171,3221004005,2022-10-03,DateFound,Song Thrush,Turdus philomelos,Turdidae,Passeriformes,Santpoort,2082 EN,N-Holland,4.629096,52.418994,CoordinatesConfidential_Mask!,DeadWildBirds,NA,AS20221979,brain,31.42
172,3221111005,2022-11-10,DateFound,Common Blackbird,Turdus merula,Turdidae,Passeriformes,4171 ca herwijnen,NA,Gelderland,5.108321,51.827138,CoordinatesConfidential_Mask!,DeadWildBirds,NA,AS20222401,brain,19.58
173,NoID_004,2017-09-11,DateDeath,Common Blackbird,Turdus merula,Turdidae,Passeriformes,Eastermar,9260,Friesland,6.0575016,53.1794321,NA,DeadWildBirds,MN122215,AS201800038,brain,17.75
174,no ID (127),2016-09-26,DateDeath,Common Blackbird,Turdus merula,Turdidae,Passeriformes,Ingen,4031,Gelderland,5.4854896,51.9592106,NA,DeadWildBirds,MN122182,AS201600280,brain,21.87
175,no ID (128),2016-09-25,DateDeath,Common Blackbird,Turdus merula,Turdidae,Passeriformes,Langbroek,3947,Gelderland,5.330632,52.014,NA,DeadWildBirds,MN122183,AS201600281,brain,14.07
176,V0903 (blauw)(131),2016-09-28,DateDeath,Common Blackbird,Turdus merula,Turdidae,Passeriformes,Oss,5344,Brabant,5.5253912,51.7696387,NA,DeadWildBirds,MN122186,AS201600286,brain,28.48
177,V0907 (rood) (129),2016-09-27,DateDeath,Common Blackbird,Turdus merula,Turdidae,Passeriformes,Oss,5343,Brabant,5.5253912,51.7696387,NA,DeadWildBirds,MN122184,AS201600283,brain,19.94
178,no ID(130),2016-10-03,DateDeath,Common Blackbird,Turdus merula,Turdidae,Passeriformes,Oss,5343,Brabant,5.5253912,51.7696387,NA,DeadWildBirds,MN122185,AS201600284,brain,20.09
179,no ID(132),2016-09-27,DateSampling,Common Blackbird,Turdus merula,Turdidae,Passeriformes,Schaik,5374,Brabant,5.5072794,51.7562584,NA,DeadWildBirds,MN122187,AS201600287,brain,14.46
180,sp2016-00753-001_doubleID1,2016,DateDeath,Great Grey Owl,Strix nebulosa,Strigidae,Strigiformes,Waardenburg,4181,Gelderland,5.2575135,51.8313424,NA,DeadCaptiveBirds,MK796169,AS201600083,brain,13.35
181,BEC009,2016,DateDeath,Great Grey Owl,Strix nebulosa,Strigidae,Strigiformes,BestZoo,5681,Brabant,5.399598135,51.5293295,NA,DeadCaptiveBirds,NA,AS201600289_BEC009,HipposboscidaeSingle,NA
182,3160816004,2016-08-13,DateDeath,Great Grey Owl,Strix nebulosa,Strigidae,Strigiformes,"Kerkrade, GaiaZoo",6460 AB,Limburg,6.045985436,50.86838809,NA,DeadCaptiveBirds,KY128482,AS201600063,liver,9.87
183,3160816006,2016-08-13,DateDeath,Great Grey Owl,Strix nebulosa,Strigidae,Strigiformes,"Kerkrade, GaiaZoo",6460 AB,Limburg,6.045985436,50.86838809,NA,DeadCaptiveBirds,NA,AS201600064,liver,10.73
184,3160902003,2016-09-01,DateDeath,Snowy Owl,Bubo scandiacus,Strigidae,Strigiformes,"Kerkrade, GaiaZoo",6460 AB,Limburg,6.045985436,50.86838809,NA,DeadCaptiveBirds,NA,AS201600073,spleen,23.36
185,3160912003,2016-09-09,DateDeath,Great Grey Owl,Strix nebulosa,Strigidae,Strigiformes,"Born, Kasteelpark",6121 XK,Limburg,5.812305895,51.02972032,NA,DeadCaptiveBirds,NA,AS201600067,brain,13.85
186,3160913020,2016-09-12,DateDeath,Great Grey Owl,Strix nebulosa,Strigidae,Strigiformes,Born,6121 RM,Limburg,5.80965,51.03383,NA,DeadCaptiveBirds,MK796168,AS201600070,brain,12.94
187,3160920001,2016-09-20,DateSampling,Great Grey Owl,Strix nebulosa,Strigidae,Strigiformes,Waardenburg,4181 PT,Gelderland,5.2575135,51.8313424,NA,DeadCaptiveBirds,NA,AS201600082,brain,16.26
188,3160926026,2016-09-25,DateDeath,Great Grey Owl,Strix nebulosa,Strigidae,Strigiformes,"Rhenen, Ouwehands DP",3911 AV,Utrecht,5.591524513,51.95585722,NA,DeadCaptiveBirds,NA,AS201600269,heart,14.55
189,PA 17-0248,2017-07-31,DateDeath,Great Grey Owl,Strix nebulosa,Strigidae,Strigiformes,Enschede,7504,Overijssel,6.870595664,52.22336325,NA,DeadCaptiveBirds,NA,AS201700148,liver,22.8
190,3170811032,2017-08-09,DateDeath,Great Grey Owl,Strix nebulosa,Strigidae,Strigiformes,Wenum Wiesel,7345 DG,Gelderland,5.9632909,52.2546727,NA,DeadCaptiveBirds,NA,AS201700142,brain,18.9
191,3170815001,2017-08-14,DateDeath,Red-breasted Goose,Branta ruficollis,Anatidae,Anseriformes,"Kerkrade, GaiaZoo",6460 AB,Limburg,6.045985436,50.86838809,NA,DeadCaptiveBirds,NA,AS201700144,brain,28.6
192,3170815002,2017-08-14,DateDeath,Red-breasted Goose,Branta ruficollis,Anatidae,Anseriformes,"Kerkrade, GaiaZoo",3460 AB,Limburg,6.045985436,50.86838809,NA,DeadCaptiveBirds,NA,AS201700147,brain,28.2
193,3170829009,2017-08-25,DateDeath,Great Grey Owl,Strix nebulosa,Strigidae,Strigiformes,"Rotterdam, Blijdorp Zoo",3000 AM,Z-Holland,4.443875792,51.92826383,NA,DeadCaptiveBirds,NA,AS201700173,brain,20.21
194,3170905009,2017-09-05,DateSampling,Great Grey Owl,Strix nebulosa,Strigidae,Strigiformes,"Rotterdam, Blijdorp Zoo",3000 AM,Z-Holland,4.443875792,51.92826383,NA,DeadCaptiveBirds,NA,AS201700198,brain,17.6
195,3180724009,2018-07-24,DateDeath,Great Grey Owl,Strix nebulosa,Strigidae,Strigiformes,Amersfoort,3800,Utrecht,5.3896944,52.1562499,NA,DeadCaptiveBirds,NA,AS201800080,brain,16.7
196,3180816006,2018-08-16,DateSampling,Great Grey Owl,Strix nebulosa,Strigidae,Strigiformes,"Emmen, Wildlands Zoo",7801 BA,Drenthe,6.891760022,52.78322279,NA,DeadCaptiveBirds,NA,AS201800117,brain,16.07
197,3190904011,2019-09-03,DateDeath,Zebra Finch,Taeniopygia (genus),Estrildidae,Passeriformes,Capelle aan den IJssel,2905 RP,NA,4.5883596,51.9312552,NA,DeadCaptiveBirds,NA,AS20190482,brain,29.36
198,3190913047,2019-09-12,DateDeath,Hill Myna,Gracula religiosa,Sturnidae,Passeriformes,Druten,6652 DH,NA,5.6030143,51.8861226,NA,DeadCaptiveBirds,NA,AS20190438,brain,26.75
199,3191008019,2019-10-07,DateDeath,White-rumped Shama,Copsychus malabaricus,Muscicapidae,Passeriformes,"Arnhem, Burgers Zoo",6816 SH,NA,5.898739532,52.00739815,NA,DeadCaptiveBirds,NA,AS20190715,cloaca swab,19.59/17.8
200,3191008019,2019-10-07,DateDeath,White-rumped Shama,Copsychus malabaricus,Muscicapidae,Passeriformes,"Arnhem, Burgers Zoo",6816 SH,NA,5.898739532,52.00739815,NA,DeadCaptiveBirds,NA,AS20190716,mouth swab,21.08/19.93
201,BEC 16.0 15-011 NL3592,2022-07-21,DateDeath,Great Grey Owl,Strix nebulosa,Strigidae,Strigiformes,Schijf,4721,Brabant,4.5590355,51.4974207,NA,DeadCaptiveBirds,NA,AS20221755,heart,NA
202,16TV1039,2016-10-07,DateCapture,Common Blackbird,Turdus merula,Turdidae,Passeriformes,Nijmegen Bergendalseweg,NA,NA,5.886833191,51.83416748,NA,LiveWildBirds,OP921077,NA,Tick,19.97
203,16TV1039,2016-10-07,DateCapture,Common Blackbird,Turdus merula,Turdidae,Passeriformes,Nijmegen Bergendalseweg,NA,NA,5.886833191,51.83416748,NA,LiveWildBirds,OP921076,NA,Throat_Cloacal_Swab,27.56
204,16TV1131,2016-10-16,DateCapture,Common Blackbird,Turdus merula,Turdidae,Passeriformes,Haarzuilens Eendenkooi Ces Locatie,NA,NA,5.005620003,52.1333313,NA,LiveWildBirds,OP921083,NA,Throat_Cloacal_Swab,27.63
205,16TV1131,2016-10-16,DateCapture,Common Blackbird,Turdus merula,Turdidae,Passeriformes,Haarzuilens Eendenkooi Ces Locatie,NA,NA,5.005620003,52.1333313,NA,LiveWildBirds,OP921080,NA,Tick .5,29.32 (average 8 ticks)
206,16TV1131,2016-10-16,DateCapture,Common Blackbird,Turdus merula,Turdidae,Passeriformes,Haarzuilens Eendenkooi Ces Locatie,NA,NA,5.005620003,52.1333313,NA,LiveWildBirds,OP921081,NA,Tick .6,29.32 (average 8 ticks)
207,16TV1131,2016-10-16,DateCapture,Common Blackbird,Turdus merula,Turdidae,Passeriformes,Haarzuilens Eendenkooi Ces Locatie,NA,NA,5.005620003,52.1333313,NA,LiveWildBirds,OP921082,NA,Tick .8,29.32 (average 8 ticks)
208,17TV1199,2017-07-21,DateCapture,Common Blackbird,Turdus merula,Turdidae,Passeriformes,Mijdrecht Turkoois Van Den Berg,NA,NA,4.863210201,52.21672058,NA,LiveWildBirds,NA,NA,Throat_Cloacal_Swab,25.65
209,17TV1199,2017-07-21,DateCapture,Common Blackbird,Turdus merula,Turdidae,Passeriformes,Mijdrecht Turkoois Van Den Berg,NA,NA,4.863210201,52.21672058,NA,LiveWildBirds,NA,NA,DBS,30.6
210,16TV1045,2017-08-02,DateCapture,Common Blackbird,Turdus merula,Turdidae,Passeriformes,NA,NA,NA,5.908509493,51.82560003,NA,LiveWildBirds,NA,NA,Throat_Cloacal_Swab,20.33
211,17TV1446,2017-09-07,DateCapture,Common Blackbird,Turdus merula,Turdidae,Passeriformes,NA,NA,NA,5.164886534,51.35479527,NA,LiveWildBirds,NA,NA,Throat_Cloacal_Swab,20.55
212,17TV1446,2017-09-07,DateCapture,Common Blackbird,Turdus merula,Turdidae,Passeriformes,NA,NA,NA,5.164886534,51.35479527,NA,LiveWildBirds,NA,NA,DBS,NA
213,17TV1463,2017-10-26,DateCapture,Common Blackbird,Turdus merula,Turdidae,Passeriformes,Maastricht Maasveld,NA,NA,5.706646442,50.81900489,NA,LiveWildBirds,NA,NA,DBS,NA
214,18TV0344,2018-08-17,DateCapture,Common Blackbird,Turdus merula,Turdidae,Passeriformes,Tuin Karveel,NA,NA,5.453338958,52.52089377,NA,LiveWildBirds,NA,NA,Throat_Cloacal_Swab,28.5
215,18TV0344,2018-08-17,DateCapture,Common Blackbird,Turdus merula,Turdidae,Passeriformes,Tuin Karveel,NA,NA,5.453338958,52.52089377,NA,LiveWildBirds,NA,NA,DBS,NA
216,18TV0825,2018-08-18,DateCapture,Common Blackbird,Turdus merula,Turdidae,Passeriformes,Haarzuilens Eendenkooi Ces Locatie,NA,NA,5.005620003,52.1333313,NA,LiveWildBirds,NA,NA,Throat_Cloacal_Swab,27.9
217,18TV0475,2018-08-18,DateCapture,Common Blackbird,Turdus merula,Turdidae,Passeriformes,Haarzuilens Eendenkooi Ces Locatie,NA,NA,5.005620003,52.1333313,NA,LiveWildBirds,NA,NA,Throat_Cloacal_Swab,25.5
218,18TV0475,2018-08-18,DateCapture,Common Blackbird,Turdus merula,Turdidae,Passeriformes,Haarzuilens Eendenkooi Ces Locatie,NA,NA,5.005620003,52.1333313,NA,LiveWildBirds,NA,NA,DBS,24.3
219,18TV0973,2018-08-18,DateCapture,Song Thrush,Turdus philomelos,Turdidae,Passeriformes,Haarzuilens Eendenkooi Ces Locatie,NA,NA,5.005620003,52.1333313,NA,LiveWildBirds,OP921079,NA,NA,NA
220,18TV0973,2018-08-18,DateCapture,Song Thrush,Turdus philomelos,Turdidae,Passeriformes,Haarzuilens Eendenkooi Ces Locatie,NA,NA,5.005620003,52.1333313,NA,LiveWildBirds,OP921078,NA,Throat_Cloacal_Swab,28.6
221,18TV0937,2018-09-10,DateCapture,Common Blackbird,Turdus merula,Turdidae,Passeriformes,Erf Achterweg 4 9261 Vx Eastermar Frl.,NA,NA,6.0575016,53.1794321,NA,LiveWildBirds,NA,NA,DBS,NA
222,18TV1196,2018-09-16,DateCapture,Song Thrush,Turdus philomelos,Turdidae,Passeriformes,Ringstation Overdinkel,NA,NA,7.0224612,52.2368563,NA,LiveWildBirds,NA,NA,Throat_Cloacal_Swab,25.7
223,17TV1510,2018-10-06,DateCapture,Common Blackbird,Turdus merula,Turdidae,Passeriformes,Zwarte Meer West,NA,NA,5.90278,52.61333,NA,LiveWildBirds,NA,NA,Throat_Cloacal_Swab,26.2
224,18TV1517,2018-10-11,DateCapture,Common Blackbird,Turdus merula,Turdidae,Passeriformes,Erf Achterweg 4 9261 Vx Eastermar Frl.,NA,NA,6.0575016,53.1794321,NA,LiveWildBirds,NA,NA,Throat_Cloacal_Swab,28.5
225,18TV1221,2018-10-13,DateCapture,Common Blackbird,Turdus merula,Turdidae,Passeriformes,Natuurgebied De Burgumermar Oostoever Frl.,NA,NA,6.055877519,53.18614847,NA,LiveWildBirds,NA,NA,Throat_Cloacal_Swab,30.4
226,18TV0252,2018-10-31,DateCapture,Common Blackbird,Turdus merula,Turdidae,Passeriformes,NA,NA,NA,5.0992524,52.2636648,NA,LiveWildBirds,NA,NA,Throat_Cloacal_Swab,29.4
227,19TV0329,2019-04-12,DateCapture,Common Blackbird,Turdus merula,Turdidae,Passeriformes,Karveel Tuin,NA,NA,5.453209877,52.52097364,NA,LiveWildBirds,NA,NA,Throat_Cloacal_Swab,21.3
228,19TV0329,2019-04-12,DateCapture,Common Blackbird,Turdus merula,Turdidae,Passeriformes,Karveel Tuin,NA,NA,5.453209877,52.52097364,NA,LiveWildBirds,NA,NA,DBS,19.9
229,19TV0102,2019-04-24,DateCapture,House Sparrow,Passer domesticus,Passeridae,Passeriformes,Karveel Tuin,NA,NA,5.453209877,52.52097364,NA,LiveWildBirds,NA,NA,Throat_Cloacal_Swab,24.8
230,20TV2299,2020-08-29,DateCapture,Common Blackbird,Turdus merula,Turdidae,Passeriformes,Ringstation Overdinkel,NA,NA,7.022559643,52.2369988,NA,LiveWildBirds,NA,NA,TickSingle,25.4
231,21TV5071,2022-07-29,DateCapture,Common Blackbird,Turdus merula,Turdidae,Passeriformes,Lumen Tuin,NA,NA,5.673906,51.9895015,NA,LiveWildBirds,NA,NA,Throat_Cloacal_Swab,NA
232,22TV2594,2022-08-24,DateCapture,Blue Tit,Cyanistes caeruleus,Paridae,Passeriformes,Vleuten Panbos Ringmus Locatie,NA,NA,5.012534142,52.09551239,NA,LiveWildBirds,NA,NA,Throat_Cloacal_Swab,23.6
233,22TV2538,2022-08-24,DateCapture,Common Blackbird,Turdus merula,Turdidae,Passeriformes,NA,NA,NA,6.132229,52.316636,NA,LiveWildBirds,NA,NA,Throat_Cloacal_Swab,30.67
234,22TV2724,2022-08-28,DateCapture,Song Thrush,Turdus philomelos,Turdidae,Passeriformes,Haarzuilens Eendenkooi Ces Locatie,NA,NA,5.006367207,52.13448715,NA,LiveWildBirds,NA,NA,Throat_Cloacal_Swab,31.25
235,22TV3658,2022-08-27,DateCapture,Common Blackbird,Turdus merula,Turdidae,Passeriformes,Haarzuilens Griend,NA,NA,5.003493786,52.13616943,NA,LiveWildBirds,NA,NA,Throat_Cloacal_Swab,19
236,22TV3658,2022-08-27,DateCapture,Common Blackbird,Turdus merula,Turdidae,Passeriformes,Haarzuilens Griend,NA,NA,5.003493786,52.13616943,NA,LiveWildBirds,NA,NA,Feces,22.06
237,22B00462,2022-09-09,DateCapture,Common Blackbird,Turdus merula,Turdidae,Passeriformes,Krommenie,NA,NA,4.7664946,52.4954557,NA,LiveWildBirds,NA,NA,Throat_Cloacal_Swab,18.21
238,21TV8157,2022-10-02,DateCapture,Common Blackbird,Turdus merula,Turdidae,Passeriformes,Haarzuilens Griend,NA,NA,5.003493786,52.13616943,NA,LiveWildBirds,NA,NA,Throat_Cloacal_Swab,29.65
239,22TV3780,2022-09-11,DateCapture,Common Blackbird,Turdus merula,Turdidae,Passeriformes,Oprit Papenpad 3,NA,NA,5.683809916,51.99390415,NA,LiveWildBirds,NA,NA,Throat_Cloacal_Swab,19.7
240,21TV9171,2022-09-08,DateCapture,Common Blackbird,Turdus merula,Turdidae,Passeriformes,NA,NA,NA,5.164886534,51.35479527,NA,LiveWildBirds,NA,NA,Throat_Cloacal_Swab,31.77
241,22B00749,2022-09-21,DateCapture,Song Thrush,Turdus philomelos,Turdidae,Passeriformes,Dassenbos Wageningen,NA,NA,5.654134507,51.98363451,NA,LiveWildBirds,NA,NA,Throat_Cloacal_Swab,31.34
242,22TV2684,2022-09-04,DateCapture,Common Blackbird,Turdus merula,Turdidae,Passeriformes,Haarzuilens Griend,NA,NA,5.003493786,52.13616943,NA,LiveWildBirds,NA,NA,Throat_Cloacal_Swab,23.8
243,22TV2684,2022-09-04,DateCapture,Common Blackbird,Turdus merula,Turdidae,Passeriformes,Haarzuilens Griend,NA,NA,5.003493786,52.13616943,NA,LiveWildBirds,NA,NA,Feces,23.8
244,22TV2828,2022-09-03,DateCapture,Common Blackbird,Turdus merula,Turdidae,Passeriformes,Haarzuilens Griend,NA,NA,5.003493786,52.13616943,NA,LiveWildBirds,NA,NA,feather,NA
245,22TV3602,2022-10-02,DateCapture,Common Blackbird,Turdus merula,Turdidae,Passeriformes,Haarzuilens Griend,NA,NA,5.003493786,52.13616943,NA,LiveWildBirds,NA,NA,feather,NA
246,22TV3632,2022-10-08,DateCapture,Common Blackbird,Turdus merula,Turdidae,Passeriformes,Haarzuilens Eendenkooi Ces Locatie,NA,NA,5.006367207,52.13448715,NA,LiveWildBirds,NA,NA,feather,NA
247,22B00207,2022-11-12,DateCapture,Common Blackbird,Turdus merula,Turdidae,Passeriformes,Haarzuilens Eendenkooi Ces Locatie,NA,NA,5.006367207,52.13448715,NA,LiveWildBirds,NA,NA,feather,NA
248,22B00237,2022-11-12,DateCapture,Common Blackbird,Turdus merula,Turdidae,Passeriformes,Haarzuilens Eendenkooi Ces Locatie,NA,NA,5.006367207,52.13448715,NA,LiveWildBirds,NA,NA,feather,NA
249,22B00186,2022-11-12,DateCapture,Common Blackbird,Turdus merula,Turdidae,Passeriformes,Haarzuilens Eendenkooi Ces Locatie,NA,NA,5.006367207,52.13448715,NA,LiveWildBirds,NA,NA,feather,NA
250,22B04271,2022-12-03,DateCapture,Common Blackbird,Turdus merula,Turdidae,Passeriformes,Tuin Gravenburg Groningen,NA,NA,6.506818771,53.23450851,NA,LiveWildBirds,NA,NA,feather,NA
251,22B00483,2022-09-16,DateCapture,Common Blackbird,Turdus merula,Turdidae,Passeriformes,NA,NA,NA,6.77770516,53.19182109,NA,LiveWildBirds,NA,NA,Throat_Cloacal_Swab,31.27
