label,dist_30,dist_40,dist_50,dist_60
HM569263|NA|homo_sapiens|IT|2009-09-24,A,A,A,A
KU573070|216606/2013|culex_pipiens|IT|2013,A,A,A,A
KU573076|201602-25/2014|culex_pipiens|IT|2014,A,A,A,A
KX555624|NA|turdus_merula|IT|2010,A,A,A,A
KX555626|NA|turdus_merula|IT|2010,A,A,A,A
KX555627|NA|turdus_merula|IT|2010,A,A,A,A
KX555628|NA|turdus_merula|IT|2010,A,A,A,A
KX816647|208576-8/2011|culex_pipiens|IT|2011-08,A,A,A,A
KX816648|220921-2/2011|culex_pipiens|IT|2011-09,A,A,A,A
KX816650|211984-4/2012|culex_pipiens|IT|2012-08,A,A,A,A
KX816651|211204-8/2012|culex_pipiens|IT|2012-08,A,A,A,A
KX816652|211204-7/2012|culex_pipiens|IT|2012-08,A,A,A,A
MF063042|AT-N211/16|turdus_merula|AT|2016-09-29,A,A,A,A
MF063043|HU-47540/16|turdus_merula|HU|2016-09-26,A,A,A,A
MF991886|BD1/17-AT|homo_sapiens|AT|2017-07-24,A,A,A,A
MT784898|NA|turdus_iliacus|IT|2017,A,A,A,A
MT784899|NA|turdus_merula|IT|2017,A,A,A,A
MW164636|11pool1941|culex_pipiens|IT|2011-08-16,A,A,A,A
MW164640|11pool2444|culex_pipiens|IT|2011-09-21,A,A,A,A
MW164648|12pool2316|culex_pipiens|IT|2012-08-22,A,A,A,A
MW164652|12pool2628|culex_pipiens|IT|2012-09-05,A,A,A,A
MW164658|13pool5009|culex_pipiens|IT|2013-07-31,A,A,A,A
MW164660|13pool5678|culex_pipiens|IT|2013-08-08,A,A,A,A
MW164661|13pool5687|culex_pipiens|IT|2013-08-08,A,A,A,A
MW164662|13pool5744|culex_pipiens|IT|2013-08-13,A,A,A,A
MW164663|13pool5778|culex_pipiens|IT|2013-08-13,A,A,A,A
MW164664|13pool5827|culex_pipiens|IT|2013-08-13,A,A,A,A
MW164668|13pool6465|culex_pipiens|IT|2013-09-05,A,A,A,A
MW164671|14pool1366|culex_pipiens|IT|2014-08-20,A,A,A,A
MW164672|14pool1388|culex_pipiens|IT|2014-08-22,A,A,A,A
MW164673|14pool1394|culex_pipiens|IT|2014-08-26,A,A,A,A
MW164678|14pool1494|culex_pipiens|IT|2014-09-02,A,A,A,A
MW164682|14pool857|culex_pipiens|IT|2014-07-22,A,A,A,A
MW164683|14pool895|culex_pipiens|IT|2014-07-22,A,A,A,A
MW164685|15pool1187|culex_pipiens|IT|2015-07-22,A,A,A,A
MW164686|15pool1335|culex_pipiens|IT|2015-08-03,A,A,A,A
MW164687|15pool1419|culex_pipiens|IT|2015-08-05,A,A,A,A
MW164691|15pool1751|culex_pipiens|IT|2015-09-02,A,A,A,A
MW164692|15pool1759|culex_pipiens|IT|2015-09-02,A,A,A,A
MW164694|15VIR4781-31|turdus_iliacus|IT|2015-09-15,A,A,A,A
MW164700|16pool1870|culex_pipiens|IT|2016-08-01,A,A,A,A
MW164703|16pool2117|culex_pipiens|IT|2016-08-16,A,A,A,A
MW164707|16pool2571|culex_pipiens|IT|2016-09-14,A,A,A,A
MW164708|17pool103G|culex_pipiens|IT|2017-08-30,A,A,A,A
MW164709|17pool1191|culex_pipiens|IT|2017-07-17,A,A,A,A
MW164711|17pool1252|culex_pipiens|IT|2017-07-19,A,A,A,A
MW164713|17pool1488|culex_pipiens|IT|2017-08-02,A,A,A,A
MW164715|17pool1525|culex_pipiens|IT|2017-08-07,A,A,A,A
MW164716|17pool1544|culex_pipiens|IT|2017-08-07,A,A,A,A
MW164718|17pool1646|culex_pipiens|IT|2017-08-16,A,A,A,A
MW164719|17pool1647|culex_pipiens|IT|2017-08-16,A,A,A,A
MW164721|17pool1664|culex_pipiens|IT|2017-08-16,A,A,A,A
MW164722|17pool1671|culex_pipiens|IT|2017-08-16,A,A,A,A
MW164724|17pool1709|culex_pipiens|IT|2017-08-17,A,A,A,A
MW164727|17VIR7761-4|sturnus_vulgaris|IT|2017-09-01,A,A,A,A
MW164728|17VIR7838-4|turdus_merula|IT|2017-08-30,A,A,A,A
MW164729|17VIR8655-3|larus_michahellis|IT|2017-09-18,A,A,A,A
MW164730|18pool1009|culex_pipiens|IT|2018-07-10,A,A,A,A
MW164732|18pool108G|culex_pipiens|IT|2018-09-06,A,A,A,A
MW164733|18pool1124|culex_pipiens|IT|2018-07-12,A,A,A,A
MW164734|18pool1141|culex_pipiens|IT|2018-07-17,A,A,A,A
MW164736|18pool1219|culex_pipiens|IT|2018-07-17,A,A,A,A
MW164738|18pool1258|culex_pipiens|IT|2018-07-19,A,A,A,A
MW164739|18pool1261|culex_pipiens|IT|2018-07-19,A,A,A,A
MW164741|18pool1263|culex_pipiens|IT|2018-07-19,A,A,A,A
MW164742|18pool1264|culex_pipiens|IT|2018-07-19,A,A,A,A
MW164743|18pool1267|culex_pipiens|IT|2018-07-19,A,A,A,A
MW164745|18pool1398|culex_pipiens|IT|2018-07-26,A,A,A,A
MW164747|18pool1430|culex_pipiens|IT|2018-07-31,A,A,A,A
MW164748|18pool1442|culex_pipiens|IT|2018-07-31,A,A,A,A
MW164749|18pool1506|culex_pipiens|IT|2018-07-31,A,A,A,A
MW164758|18pool1617|culex_pipiens|IT|2018-08-09,A,A,A,A
MW164760|18pool1660|culex_pipiens|IT|2018-08-14,A,A,A,A
MW164761|18pool1662|culex_pipiens|IT|2018-08-14,A,A,A,A
MW164762|18pool1712|culex_pipiens|IT|2018-08-17,A,A,A,A
MW164764|18pool1795|culex_pipiens|IT|2018-08-23,A,A,A,A
MW164765|18pool1832|culex_pipiens|IT|2018-08-28,A,A,A,A
MW164766|18pool1965|culex_pipiens|IT|2018-09-06,A,A,A,A
MW164769|18pool948|culex_pipiens|IT|2018-07-06,A,A,A,A
MW164770|18VIR7808-6|ciconia_ciconia|IT|2018-09-07,A,A,A,A
MW164771|18VIR7859-4|turdus_merula|IT|2018-09-07,A,A,A,A
MW533154|E203C/2019/Kosice/SVK|culex_pipiens|SK|2019-07-26,A,A,A,A
NA|20VIR4811|serinus_canaria|IT|2020-08-10,A,A,A,A
NA|20VIR4951|serinus_canaria|IT|2020-08-19,A,A,A,A
NA|20VIR5077|turdus_merula|IT|2020-08-21,A,A,A,A
NA|22VIR7086-3|turdus_merula|IT|2022-07-18,A,A,A,A
NA|22VIR7146-3|columba_livia|IT|2022-07-22,A,A,A,A
NA|22VIR8403-2|turdus_merula|IT|2022-09-01,A,A,A,A
NA|23VIR8708|columbidae_sp|IT|2023-09-01,A,A,A,A
NA|23VIR8795|turdus_merula|IT|2023-08-23,A,A,A,A
NA|23VIR9292|turdus_merula|IT|2023-10-01,A,A,A,A
NA|23VIR9300|turdus_merula|IT|2023-10-01,A,A,A,A
NA|23pool1280_23RS1633-583|culex_pipiens|IT|2023-07-05,A,A,A,A
NA|23pool1744_23RS1822-82|culex_pipiens|IT|2023-08-03,A,A,A,A
NA|23pool1901_23RS1909-300|culex_pipiens|IT|2023-08-16,A,A,A,A
NA|23pool2067_23RS1943-143|culex_pipiens|IT|2023-08-24,A,A,A,A
NA|23pool2138_23RS2497-1|culex_pipiens|IT|2023-11-13,A,A,A,A
ON032475|ITA2020_123828|muscicapa_striata|IT|2020,A,A,A,A
ON032476|ITA2020_155885|turdus_merula|IT|2020,A,A,A,A
ON032477|ITA2018_17495|turdus_merula|IT|2018-08-17,A,A,A,A
ON032479|ITA2010_12543|turdus_merula|IT|2010,A,A,A,A
ON032481|ITA2021_302715|turdus_merula|IT|2021-09-02,A,A,A,A
ON032482|ITA2021_304421|larus_michahellis|IT|2021-09-08,A,A,A,A
ON032484|ITA2021_305812|columba_palumbus|IT|2021-09-10,A,A,A,A
ON032485|ITA2021_302331|turdus_merula|IT|2021,A,A,A,A
ON032486|ITA2021_310782|turdus_merula|IT|2021,A,A,A,A
ON813235|ITA2021_300240|turdus_merula|IT|2021,A,A,A,A
ON813236|305920/2021|culex_pipiens|IT|2021,A,A,A,A
OP734245|NA|culex_pipiens|IT|2022-07-01,A,A,A,A
OP734246|NA|culex_pipiens|IT|2022-07-29,A,A,A,A
OP734247|NA|culex_pipiens|IT|2022-07-29,A,A,A,A
OP734248|NA|culex_pipiens|IT|2022-07-29,A,A,A,A
OP734249|NA|culex_pipiens|IT|2022-08-01,A,A,A,A
OP734251|NA|culex_pipiens|IT|2022-08-01,A,A,A,A
OP734252|NA|culex_pipiens|IT|2022-08-01,A,A,A,A
OP734253|NA|culex_pipiens|IT|2022-08-05,A,A,A,A
OP734254|NA|NA|IT|2022-08-08,A,A,A,A
OP734255|NA|culex_pipiens|IT|2022-07-27,A,A,A,A
OP734256|NA|culex_pipiens|IT|2022-07-29,A,A,A,A
OP734258|NA|culex_pipiens|IT|2022-07-27,A,A,A,A
OP734259|NA|culex_pipiens|IT|2022-07-25,A,A,A,A
OP734260|NA|culex_pipiens|IT|2022-07-08,A,A,A,A
OP734261|NA|culex_pipiens|IT|2022-07-08,A,A,A,A
OR757488|1572124|culex_pipiens|IT|2023-07-06,A,A,A,A
OR757491|17404212|laridae_sp|IT|2023-07-20,A,A,A,A
OR757492|17404213|culex_pipiens|IT|2023-07-24,A,A,A,A
OR757493|17404216|culex_pipiens|IT|2023-07-15,A,A,A,A
OR757494|17404220|turdus_merula|IT|2023-07-24,A,A,A,A
OR757495|1740422|culex_pipiens|IT|2023-07-18,A,A,A,A
OR757496|1740423|NA|IT|2023-07-15,A,A,A,A
OR757497|1740425|culex_pipiens|IT|2023-07-16,A,A,A,A
OR921093|2023TE1639111|culex_pipiens|IT|2023-08-11,A,A,A,A
OR921094|2023TE1640011|culex_pipiens|IT|2023-08-11,A,A,A,A
OR921095|2023TE1639211|culex_pipiens|IT|2023-08-11,A,A,A,A
OR921096|2023TE1822511|turdus_merula|IT|2023-09-07,A,A,A,A
OR921099|2023TE1908111|turdus_merula|IT|2023-09-15,A,A,A,A
OR921100|2023TE1837011|culex_pipiens|IT|2023-09-08,A,A,A,A
OR921101|2023TE1838411|culex_pipiens|IT|2023-09-08,A,A,A,A
OR921102|2023TE1908911|culex_pipiens|IT|2023-09-15,A,A,A,A
OR921103|2023TE1683411|culex_pipiens|IT|2023-08-11,A,A,A,A
OR921105|2023TE1839111|phoenicurus_phoenicurus|IT|2023-09-08,A,A,A,A
OR921106|2023TE1699411|culex_pipiens|IT|2023-08-24,A,A,A,A
PP104383|TE2518012|culex_pipiens|IT|2023-08-02,A,A,A,A
PP104384|TE2518112|culex_pipiens|IT|2023-09-22,A,A,A,A
PP104385|TE2518212|culex_pipiens|IT|2023-09-22,A,A,A,A
PP104386|TE2518312|culex_pipiens|IT|2023-09-08,A,A,A,A
PP104387|TE2518512|sturnus_vulgaris|IT|2023-09-13,A,A,A,A
PP104388|TE2518612|turdus_merula|IT|2023-09-22,A,A,A,A
PP104390|TE2518812|columbidae_sp|IT|2023-08-25,A,A,A,A
JF266698|NA|turdus_merula|IT|2009,B,A,A,A
MW164637|11pool1989|culex_pipiens|IT|2011-08-23,B,A,A,A
MW164638|11pool2109|culex_pipiens|IT|2011-08-24,B,A,A,A
MW164644|12pool2194|culex_pipiens|IT|2012-08-09,B,A,A,A
MW164646|12pool2249|culex_pipiens|IT|2012-08-07,B,A,A,A
MW164647|12pool2262|culex_pipiens|IT|2012-08-07,B,A,A,A
MW164649|12pool2412|culex_pipiens|IT|2012-08-22,B,A,A,A
MW164651|12pool2626|culex_pipiens|IT|2012-09-05,B,A,A,A
MW164655|12VIR6787-10|alauda_arvensis|IT|2012-09-03,B,A,A,A
MW164656|12VIR6787-11|alauda_arvensis|IT|2012-09-03,B,A,A,A
MW164659|13pool5600|culex_pipiens|IT|2013-08-07,B,A,A,A
MW164665|13pool5873|culex_pipiens|IT|2013-08-13,B,A,A,A
MW164666|13pool5999|culex_pipiens|IT|2013-08-21,B,A,A,A
MW164677|14pool1489|culex_pipiens|IT|2014-09-02,B,A,A,A
MW164680|14pool1698|culex_pipiens|IT|2014-09-23,B,A,A,A
MW164689|15pool1503|culex_pipiens|IT|2015-08-10,B,A,A,A
MW164695|15VIR4781-42|turdus_merula|IT|2015-09-15,B,A,A,A
MW164698|16pool1777|culex_pipiens|IT|2016-07-25,B,A,A,A
MW164702|16pool2106|culex_pipiens|IT|2016-08-16,B,A,A,A
MW164705|16pool2336|culex_pipiens|IT|2016-08-29,B,A,A,A
EF206350|Budapest|turdus_merula|HU|2005,C,B,A,A
JQ219843|NA|cyanistes_caeruleus|AT|2002-08-29,C,B,A,A
MG888044|NA|culex_pipiens|RS|2014-08,C,B,A,A
HE599647|BH65/11-02-03|turdus_merula|DE|2011-09-10,D,C,B,A
KJ438705|NA|culex_pipiens|DE|2010,D,C,B,A
KJ438729|NA|turdus_merula|DE|2012,D,C,B,A
KJ438730|NA|turdus_merula|DE|2011,D,C,B,A
KJ438734|NA|sturnus_vulgaris|DE|2011,D,C,B,A
KJ438735|NA|turdus_merula|DE|2012,D,C,B,A
KJ438737|NA|culex_torrentium|DE|2011,D,C,B,A
KJ438738|NA|turdus_merula|DE|2011,D,C,B,A
KJ438739|NA|turdus_merula|DE|2013,D,C,B,A
KJ438741|NA|turdus_merula|DE|2013,D,C,B,A
KJ438742|NA|turdus_merula|DE|2013,D,C,B,A
KJ438744|NA|turdus_merula|DE|2012,D,C,B,A
KJ438745|NA|turdus_merula|DE|2011,D,C,B,A
KJ438746|NA|turdus_merula|DE|2011,D,C,B,A
KJ438747|NA|turdus_merula|DE|2012,D,C,B,A
KJ438748|NA|turdus_merula|DE|2012,D,C,B,A
KJ438749|NA|turdus_merula|DE|2012,D,C,B,A
KJ438750|NA|turdus_merula|DE|2011,D,C,B,A
KJ438751|NA|turdus_merula|DE|2011,D,C,B,A
KJ438752|NA|turdus_merula|DE|2011,D,C,B,A
KJ438753|NA|turdus_merula|DE|2011,D,C,B,A
KJ438754|NA|turdus_merula|DE|2012,D,C,B,A
KJ438756|NA|turdus_merula|DE|2011,D,C,B,A
KJ438757|NA|turdus_merula|DE|2013,D,C,B,A
KJ438758|NA|turdus_merula|DE|2013,D,C,B,A
KJ438759|NA|turdus_merula|DE|2011,D,C,B,A
KJ438760|NA|turdus_merula|DE|2011,D,C,B,A
KJ438761|NA|turdus_merula|DE|2011,D,C,B,A
KJ438762|NA|turdus_merula|DE|2011,D,C,B,A
KJ438763|NA|turdus_merula|DE|2012,D,C,B,A
KJ438764|NA|turdus_merula|DE|2012,D,C,B,A
KJ438765|NA|turdus_merula|DE|2011,D,C,B,A
KJ438766|NA|turdus_merula|DE|2012,D,C,B,A
KJ438767|NA|culex_sp|DE|2011,D,C,B,A
KJ438768|NA|culex_sp|DE|2013,D,C,B,A
KJ438769|NA|turdus_merula|DE|2011,D,C,B,A
KJ438770|NA|turdus_merula|DE|2011,D,C,B,A
KJ438771|NA|turdus_merula|DE|2013,D,C,B,A
KJ438773|NA|turdus_merula|DE|2011,D,C,B,A
KJ438774|NA|turdus_merula|DE|2012,D,C,B,A
KJ438775|NA|turdus_merula|DE|2011,D,C,B,A
KJ438776|NA|turdus_merula|DE|2011,D,C,B,A
KJ438777|NA|turdus_merula|DE|2011,D,C,B,A
KJ438778|NA|turdus_merula|DE|2011,D,C,B,A
KJ438779|NA|turdus_merula|DE|2012,D,C,B,A
KJ438780|NA|turdus_merula|DE|2011,D,C,B,A
KJ438781|NA|turdus_merula|DE|2011,D,C,B,A
KJ859682|BAT1USUTU-BNI|pipistrellus_pipistrellus|DE|2013,D,C,B,A
KJ859683|BAT2USUTU-BNI|pipistrellus_pipistrellus|DE|2013,D,C,B,A
KX601690|USUV-HautRhin7315/France/2015|turdus_merula|FR|2015-08-10,D,C,B,A
KX601691|USUV-HautRhin7316/France/2015|turdus_merula|FR|2015-08-05,D,C,B,A
KX977447|NA|turdus_merula|BE|2016-09,D,C,B,A
KY128481|Snebulosa-7890/Fra/2016|strix_nebulosa|FR|2016-09-22,D,C,B,A
KY199558|NA|turdus_merula|DE|2016,D,C,B,A
KY263624|NA|turdus_merula|BE|2016-10,D,C,B,A
KY263626|NA|turdus_merula|BE|2016-09,D,C,B,A
KY315178|Gracula_religiosa/U1609393/Belgium/2016|gracula_religiosa|BE|2016-10-03,D,C,B,A
KY426750|NA|turdus_merula|DE|2015-10-07,D,C,B,A
KY426751|NA|turdus_pilaris|DE|2015-09-01,D,C,B,A
KY426755|NA|turdus_merula|DE|2016-09-19,D,C,B,A
KY426756|NA|turdus_merula|DE|2016-09-23,D,C,B,A
KY426759|NA|turdus_merula|DE|2016-09-12,D,C,B,A
KY426760|NA|turdus_merula|DE|2016-09-29,D,C,B,A
KY426763|NA|turdus_merula|DE|2016-09-24,D,C,B,A
KY426766|NA|turdus_merula|DE|2016-10-11,D,C,B,A
KY426767|NA|turdus_merula|DE|2016-10-14,D,C,B,A
KY426769|NA|turdus_merula|DE|2016-09-20,D,C,B,A
KY426770|NA|turdus_merula|DE|2016-09-20,D,C,B,A
MK230890|Villers/2017|turdus_merula|BE|2017-08,D,C,B,A
MK230892|Richelle/2017|turdus_merula|BE|2017-08,D,C,B,A
MK796168|AS201600070|strix_nebulosa|NL|2016-09-13,D,C,B,A
MK796169|AS201600083|strix_nebulosa|NL|2016-09-20,D,C,B,A
MN122152|AS201600060|turdus_merula|NL|2016-09-12,D,C,B,A
MN122154|AS201600089|turdus_merula|NL|2016-09-20,D,C,B,A
MN122158|AS201600104|turdus_merula|NL|2016-09-22,D,C,B,A
MN122166|AS201600133|turdus_merula|NL|2016-09-23,D,C,B,A
MN122170|AS201600197|turdus_merula|NL|2016-10-11,D,C,B,A
MN122171|AS201600203|turdus_merula|NL|2016-10-05,D,C,B,A
MN122172|AS201600221|turdus_merula|NL|2016-09-22,D,C,B,A
MN122174|AS201600241|turdus_merula|NL|2016-09-27,D,C,B,A
MN122177|AS201600253|turdus_merula|NL|2016-09-27,D,C,B,A
MN122179|AS201600268|turdus_merula|NL|2016-09-30,D,C,B,A
MN122188|AS201700024|turdus_merula|NL|2017-04-11,D,C,B,A
MN122189|AS201700077|turdus_merula|NL|2017-07-03,D,C,B,A
MN122190|AS201700080|turdus_merula|NL|2017-07-05,D,C,B,A
MN122192|AS201700086|turdus_merula|NL|2017-07-11,D,C,B,A
MN122196|AS201700103|turdus_merula|NL|2017-07-19,D,C,B,A
MN122198|AS201700109|turdus_merula|NL|2017-07-25,D,C,B,A
MN122203|AS201700127|turdus_merula|NL|2017-07-30,D,C,B,A
MN122213|AS201700248|turdus_merula|NL|2017-09-20,D,C,B,A
MN122215|AS201800038|turdus_merula|NL|2017-09-11,D,C,B,A
MN122229|AS201800097|turdus_merula|NL|2018-08-03,D,C,B,A
MN122235|AS201800112|turdus_merula|NL|2018-08-14,D,C,B,A
MT133690|UV/BlackBird/Sweden/SVA190801SZ0368/VLT001567/2019|turdus_merula|SE|2019-08-01,D,C,B,A
MT580899|NA|strix_nebulosa|DE|2018,D,C,B,A
OP555956|NA|strix_nebulosa|BE|2017-07-10,D,C,B,A
OP555957|NA|turdus_merula|BE|2017-07-24,D,C,B,A
OP555958|NA|turdus_merula|BE|2017-08-07,D,C,B,A
OR573992|AS201700144|branta_ruficollis|NL|2017-08-15,D,C,B,A
KU573073|229615-1/2013|culex_pipiens|IT|2013,E,C,B,A
KX555629|NA|turdus_merula|IT|2015,E,C,B,A
KX816646|200092/2010|turdus_merula|IT|2010-08,E,C,B,A
KX816653|206795-3/2012|culex_pipiens|IT|2012-09,E,C,B,A
KY199557|NA|turdus_merula|DE|2016,F,D,C,B
KY294722|S-1232|turdus_merula|DE|2016,F,D,C,B
KY294723|S-1238|turdus_merula|DE|2016,F,D,C,B
MK419834|USU-BE-Scoter/2018|melanitta_nigra|BE|2018-08,F,D,C,B
MN122238|AS201800115|turdus_merula|NL|2018-08-15,F,D,C,B
MT863562|HauteVienne4997/France/2018|turdus_merula|FR|2018-07-24,F,D,C,B
ON755212|Turdusmerula20_feather_WLC_Day43|turdus_merula|NL|2016,F,D,C,B
OU674388|NA|NA|LU|2020-09,F,D,C,B
KM659877|NA|turdus_merula|DE|2014,G,D,C,B
KY128482|Snebulosa-6004/NL/2016|strix_nebulosa|NL|2016-09,G,D,C,B
KY263625|NA|turdus_merula|BE|2016-10,G,D,C,B
KY426754|NA|turdus_merula|DE|2015-09-09,G,D,C,B
KY426757|NA|turdus_merula|DE|2016-09-23,G,D,C,B
KY426761|NA|turdus_merula|DE|2016-09-04,G,D,C,B
KY426764|NA|turdus_merula|DE|2016-10-04,G,D,C,B
KY426765|NA|turdus_merula|DE|2016-09-30,G,D,C,B
MH891847|AS201600045|turdus_merula|NL|2016-09-07,G,D,C,B
MK230891|Seraing/2017|turdus_merula|BE|2017-08,G,D,C,B
MN122146|AS201600036|turdus_merula|NL|2016-09-06,G,D,C,B
MN122147|AS201600042|turdus_merula|NL|2016-09-07,G,D,C,B
MN122148|AS201600045|turdus_merula|NL|2016-09-07,G,D,C,B
MN122149|AS201600048|turdus_merula|NL|2016-09-07,G,D,C,B
MN122150|AS201600051|turdus_merula|NL|2016-09-07,G,D,C,B
MN122151|AS201600057|turdus_merula|NL|2016-09-08,G,D,C,B
MN122153|AS201600062|turdus_merula|NL|2016-09-13,G,D,C,B
MN122155|AS201600095|turdus_merula|NL|2016-09-21,G,D,C,B
MN122157|AS201600101|turdus_merula|NL|2016-09-22,G,D,C,B
MN122159|AS201600107|turdus_merula|NL|2016-09-22,G,D,C,B
MN122160|AS201600110|turdus_merula|NL|2016-09-22,G,D,C,B
MN122161|AS201600115|turdus_merula|NL|2016-09-22,G,D,C,B
MN122162|AS201600118|turdus_merula|NL|2016-09-22,G,D,C,B
MN122163|AS201600121|turdus_merula|NL|2016-09-22,G,D,C,B
MN122164|AS201600124|turdus_merula|NL|2016-09-23,G,D,C,B
MN122165|AS201600127|turdus_merula|NL|2016-09-23,G,D,C,B
MN122167|AS201600136|turdus_merula|NL|2016-09-23,G,D,C,B
MN122168|AS201600148|turdus_merula|NL|2016-09-23,G,D,C,B
MN122169|AS201600173|turdus_merula|NL|2016-10-07,G,D,C,B
MN122175|AS201600244|turdus_merula|NL|2016-09-27,G,D,C,B
MN122178|AS201600265|turdus_merula|NL|2016-09-30,G,D,C,B
MN122180|AS201600274|turdus_merula|NL|2016-09-27,G,D,C,B
MN122182|AS201600280|turdus_merula|NL|2016-09-26,G,D,C,B
MN122183|AS201600281|turdus_merula|NL|2016-09-25,G,D,C,B
MN122184|AS201600283|turdus_merula|NL|2016-09-27,G,D,C,B
MN122186|AS201600286|turdus_merula|NL|2016-09-28,G,D,C,B
MN122191|AS201700084|turdus_merula|NL|2017-07-05,G,D,C,B
MN122193|AS201700087|turdus_merula|NL|2017-07-11,G,D,C,B
MN122194|AS201700090|turdus_merula|NL|2017-07-13,G,D,C,B
MN122195|AS201700096|turdus_merula|NL|2017-07-14,G,D,C,B
MN122197|AS201700106|turdus_merula|NL|2017-07-25,G,D,C,B
MN122199|AS201700112|turdus_merula|NL|2017-07-27,G,D,C,B
MN122200|AS201700118|turdus_merula|NL|2017-08-03,G,D,C,B
MN122201|AS201700121|turdus_merula|NL|2017-08-01,G,D,C,B
MN122202|AS201700124|turdus_merula|NL|2017-08-01,G,D,C,B
MN122204|AS201700130|turdus_merula|NL|2017-08-16,G,D,C,B
MN122205|AS201700152|turdus_merula|NL|2017-07-19,G,D,C,B
MN122206|AS201700155|turdus_merula|NL|2017-08-10,G,D,C,B
MN122207|AS201700167|turdus_merula|NL|2017-09-01,G,D,C,B
MN122208|AS201700170|turdus_merula|NL|2017-08-25,G,D,C,B
MN122209|AS201700174|turdus_merula|NL|2017-08-29,G,D,C,B
MN122210|AS201700177|turdus_merula|NL|2017-09-15,G,D,C,B
MN122211|AS201700186|turdus_merula|NL|2017-09-13,G,D,C,B
MN122212|AS201700189|turdus_merula|NL|2017-09-14,G,D,C,B
MN122214|AS201700254|turdus_merula|NL|2017-09-22,G,D,C,B
MN122216|AS201800081|turdus_merula|NL|2018-07-27,G,D,C,B
MN122217|AS201800082|turdus_merula|NL|2018-07-27,G,D,C,B
MN122218|AS201800084|turdus_merula|NL|2018-07-31,G,D,C,B
MN122220|AS201800087|turdus_merula|NL|2018-08-01,G,D,C,B
MN122221|AS201800088|turdus_merula|NL|2018-08-01,G,D,C,B
MN122222|AS201800089|turdus_merula|NL|2018-08-02,G,D,C,B
MN122223|AS201800090|turdus_merula|NL|2018-08-02,G,D,C,B
MN122224|AS201800091|turdus_merula|NL|2018-08-02,G,D,C,B
MN122225|AS201800092|turdus_merula|NL|2018-08-02,G,D,C,B
MN122227|AS201800094|turdus_merula|NL|2018-08-03,G,D,C,B
MN122228|AS201800095|turdus_merula|NL|2018-08-06,G,D,C,B
MN122230|AS201800099|turdus_merula|NL|2018-08-07,G,D,C,B
MN122231|AS201800100|turdus_merula|NL|2018-08-07,G,D,C,B
MN122232|AS201800101|turdus_merula|NL|2018-08-07,G,D,C,B
MN122233|AS201800102|turdus_merula|NL|2018-08-09,G,D,C,B
MN122234|AS201800103|turdus_merula|NL|2018-08-10,G,D,C,B
MN122236|AS201800113|turdus_merula|NL|2018-08-14,G,D,C,B
MN122237|AS201800114|turdus_merula|NL|2018-08-15,G,D,C,B
MN122239|AS201800116|turdus_merula|NL|2018-08-16,G,D,C,B
MN122240|AS201800118|turdus_merula|NL|2018-08-16,G,D,C,B
MN122241|AS201800120|turdus_merula|NL|2018-08-17,G,D,C,B
MN122242|AS201800121|turdus_merula|NL|2018-08-17,G,D,C,B
MN122243|AS201800122|turdus_merula|NL|2018-08-21,G,D,C,B
MN122244|AS201800123|turdus_merula|NL|2018-08-21,G,D,C,B
MN122245|AS201800125|turdus_merula|NL|2018-08-22,G,D,C,B
MN122246|AS201800126|turdus_merula|NL|2018-08-22,G,D,C,B
MN122247|AS201800127|turdus_merula|NL|2018-08-22,G,D,C,B
MN122248|AS201800128|turdus_merula|NL|2018-08-22,G,D,C,B
MN122249|AS201800129|turdus_merula|NL|2018-08-23,G,D,C,B
MN122250|AS201800150|turdus_merula|NL|2018-08-30,G,D,C,B
MN122251|AS201800151|turdus_merula|NL|2018-08-30,G,D,C,B
MN122252|AS201800152|turdus_merula|NL|2018-08-30,G,D,C,B
MN122253|AS201800154|turdus_merula|NL|2018-08-31,G,D,C,B
MN122254|AS201800155|turdus_merula|NL|2018-08-31,G,D,C,B
MN122255|AS201800156|turdus_merula|NL|2018-08-31,G,D,C,B
MN122256|AS201800157|turdus_merula|NL|2018-09-04,G,D,C,B
MT795154|NA|turdus_merula|DE|2016,G,D,C,B
MW001216|NA|turdus_merula|UK|2020-07,G,D,C,B
NA|Blackbird_Cambridgeshire_2023_a|turdus_merula|UK|2023-08,G,D,C,B
NA|Blackbird_London_2022_a|turdus_merula|UK|2022-09,G,D,C,B
NA|Blackbird_London_2022_b|turdus_merula|UK|2022-09,G,D,C,B
OM202464|Greater_London_2021|turdus_merula|UK|2021-09,G,D,C,B
ON755210|Turdusmerula17_feather_WLC_Day43|turdus_merula|NL|2016,G,D,C,B
ON755211|Turdusmerula19_feather_WLC_Day43|turdus_merula|NL|2016,G,D,C,B
ON755213|Turdusmerula11_feather_1W1L_Day0|turdus_merula|NL|2016,G,D,C,B
ON755214|Turdusmerula12_feather_2W1L_Day0|turdus_merula|NL|2016,G,D,C,B
ON755216|Turdusmerula14_feather_WLC_Day0|turdus_merula|NL|2016,G,D,C,B
ON755217|Turdusmerula15_feather_WLC_Day0|turdus_merula|NL|2016,G,D,C,B
OP007489|WBVR_bird-X-2016|strix_nebulosa|NL|2016-09-09,G,D,C,B
OP921077|16TV1039_Ixodesfrontalis|ixodes_frontalis|NL|2016-10-07,G,D,C,B
OP921079|18TV0973_Ixodida|NA|NL|2018-08-18,G,D,C,B
OP921082|16TV1131_Ixodesricinus_8|ixodes_ricinus|NL|2016-10-16,G,D,C,B
PQ041659|USUV_TM_Netherlands_2016|NA|NL|2020,G,D,C,B
KF573410|NA|culex_pipiens|ES|2006-08-22,H,E,D,C
KU664608|Usutu_Berlin|strix_nebulosa|DE|2015-08-21,H,E,D,C
KX601692|USUV-Rhone2705/France/2015|turdus_merula|FR|2015-09-23,H,E,D,C
KY199556|NA|strix_nebulosa|DE|2016,H,E,D,C
KY426758|NA|turdus_merula|DE|2016-09-25,H,E,D,C
KU573071|218200/2013|culex_pipiens|IT|2013,NA,A,A,A
MN989418|Usutu/Goose/Italy/17917/2018|anatidae__duck_sp_|IT|2018-08-20,NA,A,A,A
NA|22VIR8275-3|turdus_merula|IT|2022-08-11,NA,A,A,A
KX268472|HU10279_09|culex_perexiguus|ES|2009,NA,NA,NA,C
MN813489|HU10279-09|culex_perexiguus|ES|2009,NA,NA,NA,C
