label,dist_5,dist_10,dist_15,dist_20,dist_25,dist_30,dist_35,dist_40,dist_45,dist_50,dist_55,dist_60,dist_65,dist_70,dist_75,dist_80
KX268472|HU10279_09|culex_perexiguus|ES|2009,A,A,A,A,A,A,A,A,A,A,A,A,A,A,A,A
MN813489|HU10279-09|culex_perexiguus|ES|2009,A,A,A,A,A,A,A,A,A,A,A,A,A,A,A,A
KU664608|Usutu_Berlin|strix_nebulosa|DE|2015-08-21,B,B,B,B,B,B,B,B,B,B,B,A,A,A,A,A
KY426758|NA|turdus_merula|DE|2016-09-25,B,B,B,B,B,B,B,B,B,B,B,A,A,A,A,A
MN122149|AS201600048|turdus_merula|NL|2016-09-07,C,D,D,D,C,C,C,C,C,C,C,B,B,B,B,B
MN122252|AS201800152|turdus_merula|NL|2018-08-30,C,D,D,D,C,C,C,C,C,C,C,B,B,B,B,B
NA|AS201700173|strix_nebulosa|NL|2017-08-25,C,D,D,D,C,C,C,C,C,C,C,B,B,B,B,B
MN122255|AS201800156|turdus_merula|NL|2018-08-31,D,E,E,D,C,C,C,C,C,C,C,B,B,B,B,B
NA|22TV2594|cyanistes_caeruleus|NL|2022-08-24,D,E,E,D,C,C,C,C,C,C,C,B,B,B,B,B
NA|AS20221789|turdus_merula|NL|2022-08-24,D,E,E,D,C,C,C,C,C,C,C,B,B,B,B,B
MN122256|AS201800157|turdus_merula|NL|2018-09-04,E,G,E,D,C,C,C,C,C,C,C,B,B,B,B,B
NA|19TV0102|passer_domesticus|NL|2019-04-24,E,G,E,D,C,C,C,C,C,C,C,B,B,B,B,B
MN122202|AS201700124|turdus_merula|NL|2017-08-01,F,G,E,D,C,C,C,C,C,C,C,B,B,B,B,B
NA|18TV0252|turdus_merula|NL|2018-10-31,F,G,E,D,C,C,C,C,C,C,C,B,B,B,B,B
MN122221|AS201800088|turdus_merula|NL|2018-08-01,G,G,E,D,C,C,C,C,C,C,C,B,B,B,B,B
MN122239|AS201800116|turdus_merula|NL|2018-08-16,G,G,E,D,C,C,C,C,C,C,C,B,B,B,B,B
MN122241|AS201800120|turdus_merula|NL|2018-08-17,G,G,E,D,C,C,C,C,C,C,C,B,B,B,B,B
MN122199|AS201700112|turdus_merula|NL|2017-07-27,H,G,E,D,C,C,C,C,C,C,C,B,B,B,B,B
MN122209|AS201700174|turdus_merula|NL|2017-08-29,H,G,E,D,C,C,C,C,C,C,C,B,B,B,B,B
MN122242|AS201800121|turdus_merula|NL|2018-08-17,H,G,E,D,C,C,C,C,C,C,C,B,B,B,B,B
MN122153|AS201600062|turdus_merula|NL|2016-09-13,I,I,G,D,C,C,C,C,C,C,C,B,B,B,B,B
MN122193|AS201700087|turdus_merula|NL|2017-07-11,I,I,G,D,C,C,C,C,C,C,C,B,B,B,B,B
KY128482|Snebulosa-6004/NL/2016|strix_nebulosa|NL|2016-09,J,J,G,D,C,C,C,C,C,C,C,B,B,B,B,B
MN122184|AS201600283|turdus_merula|NL|2016-09-27,J,J,G,D,C,C,C,C,C,C,C,B,B,B,B,B
MN122251|AS201800151|turdus_merula|NL|2018-08-30,J,J,G,D,C,C,C,C,C,C,C,B,B,B,B,B
MN122225|AS201800092|turdus_merula|NL|2018-08-02,K,M,H,D,C,C,C,C,C,C,C,B,B,B,B,B
OP921081|16TV1131_Ixodesricinus_6|ixodes_ricinus|NL|2016-10-16,K,M,H,D,C,C,C,C,C,C,C,B,B,B,B,B
MN122197|AS201700106|turdus_merula|NL|2017-07-25,L,M,H,D,C,C,C,C,C,C,C,B,B,B,B,B
MN122222|AS201800089|turdus_merula|NL|2018-08-02,L,M,H,D,C,C,C,C,C,C,C,B,B,B,B,B
NA|17TV1510|turdus_merula|NL|2018-10-06,L,M,H,D,C,C,C,C,C,C,C,B,B,B,B,B
MN122217|AS201800082|turdus_merula|NL|2018-07-27,M,M,H,D,C,C,C,C,C,C,C,B,B,B,B,B
MN122223|AS201800090|turdus_merula|NL|2018-08-02,M,M,H,D,C,C,C,C,C,C,C,B,B,B,B,B
MN122146|AS201600036|turdus_merula|NL|2016-09-06,N,O,J,E,C,C,C,C,C,C,C,B,B,B,B,B
MN122248|AS201800128|turdus_merula|NL|2018-08-22,N,O,J,E,C,C,C,C,C,C,C,B,B,B,B,B
NA|AS201700142|strix_nebulosa|NL|2017-08-09,N,O,J,E,C,C,C,C,C,C,C,B,B,B,B,B
NA|AS201600067|strix_nebulosa|NL|2016-09-09,O,P,K,F,C,C,C,C,C,C,C,B,B,B,B,B
NA|AS201600269|strix_nebulosa|NL|2016-09-25,O,P,K,F,C,C,C,C,C,C,C,B,B,B,B,B
MN122155|AS201600095|turdus_merula|NL|2016-09-21,P,Q,K,F,C,C,C,C,C,C,C,B,B,B,B,B
MN122234|AS201800103|turdus_merula|NL|2018-08-10,P,Q,K,F,C,C,C,C,C,C,C,B,B,B,B,B
MN122237|AS201800114|turdus_merula|NL|2018-08-15,P,Q,K,F,C,C,C,C,C,C,C,B,B,B,B,B
MN122183|AS201600281|turdus_merula|NL|2016-09-25,Q,R,K,F,C,C,C,C,C,C,C,B,B,B,B,B
MN122204|AS201700130|turdus_merula|NL|2017-08-16,Q,R,K,F,C,C,C,C,C,C,C,B,B,B,B,B
MN122157|AS201600101|turdus_merula|NL|2016-09-22,R,S,L,G,C,C,C,C,C,C,C,B,B,B,B,B
MN122212|AS201700189|turdus_merula|NL|2017-09-14,R,S,L,G,C,C,C,C,C,C,C,B,B,B,B,B
MN122207|AS201700167|turdus_merula|NL|2017-09-01,S,T,M,H,D,C,C,C,C,C,C,B,B,B,B,B
MN122227|AS201800094|turdus_merula|NL|2018-08-03,S,T,M,H,D,C,C,C,C,C,C,B,B,B,B,B
MN122249|AS201800129|turdus_merula|NL|2018-08-23,S,T,M,H,D,C,C,C,C,C,C,B,B,B,B,B
MN122163|AS201600121|turdus_merula|NL|2016-09-22,T,T,M,H,D,C,C,C,C,C,C,B,B,B,B,B
MN122224|AS201800091|turdus_merula|NL|2018-08-02,T,T,M,H,D,C,C,C,C,C,C,B,B,B,B,B
NA|18TV0475|turdus_merula|NL|2018-08-18,U,T,M,H,D,C,C,C,C,C,C,B,B,B,B,B
NA|AS20190490|turdus_merula|NL|2019-08-27,U,T,M,H,D,C,C,C,C,C,C,B,B,B,B,B
MN122240|AS201800118|turdus_merula|NL|2018-08-16,V,T,M,H,D,C,C,C,C,C,C,B,B,B,B,B
MN122254|AS201800155|turdus_merula|NL|2018-08-31,V,T,M,H,D,C,C,C,C,C,C,B,B,B,B,B
MT795154|NA|turdus_merula|DE|2016-09-30,V,T,M,H,D,C,C,C,C,C,C,B,B,B,B,B
MN122175|AS201600244|turdus_merula|NL|2016-09-27,W,T,M,H,D,C,C,C,C,C,C,B,B,B,B,B
MN122236|AS201800113|turdus_merula|NL|2018-08-14,W,T,M,H,D,C,C,C,C,C,C,B,B,B,B,B
MT188658|NA|turdus_merula|NL|2016,X,V,M,H,D,C,C,C,C,C,C,B,B,B,B,B
PQ041659|USUV_TM_Netherlands_2016|NA|NL|2020,X,V,M,H,D,C,C,C,C,C,C,B,B,B,B,B
NA|AS20221670|turdus_merula|NL|2022-07-24,Y,W,N,H,D,C,C,C,C,C,C,B,B,B,B,B
NA|AS20221760|turdus_merula|NL|2022-08-24,Y,W,N,H,D,C,C,C,C,C,C,B,B,B,B,B
NA|AS20221860|turdus_merula|NL|2022-09-14,Y,W,N,H,D,C,C,C,C,C,C,B,B,B,B,B
NA|AS20210914|turdus_merula|NL|2021-08-30,Z,W,N,H,D,C,C,C,C,C,C,B,B,B,B,B
NA|AS20221627|turdus_merula|NL|2022-07-28,Z,W,N,H,D,C,C,C,C,C,C,B,B,B,B,B
NA|AS20221803|turdus_merula|NL|2022-09-02,Z,W,N,H,D,C,C,C,C,C,C,B,B,B,B,B
NA|AS20221838|turdus_merula|NL|2022-08-22,Z,W,N,H,D,C,C,C,C,C,C,B,B,B,B,B
NA|22TV3658|turdus_merula|NL|2022-08-27,AA,W,N,H,D,C,C,C,C,C,C,B,B,B,B,B
PQ633267|USUV/NL/2022/SCBC7P30|NA|NL|2022-11-18,AA,W,N,H,D,C,C,C,C,C,C,B,B,B,B,B
NA|22B00207|turdus_merula|NL|2022-11-12,AB,W,N,H,D,C,C,C,C,C,C,B,B,B,B,B
NA|AS20221918|cyanistes_caeruleus|NL|2022-09-15,AB,W,N,H,D,C,C,C,C,C,C,B,B,B,B,B
PV235995|USUV/NL/2022/CMV3308|culex_sp|NL|2022-07-13,AB,W,N,H,D,C,C,C,C,C,C,B,B,B,B,B
NA|22B00462|turdus_merula|NL|2022-09-09,AC,W,N,H,D,C,C,C,C,C,C,B,B,B,B,B
NA|AS20221755|strix_nebulosa|NL|2022-07-21,AC,W,N,H,D,C,C,C,C,C,C,B,B,B,B,B
NA|AS20221775|turdus_merula|NL|2022-08-28,AC,W,N,H,D,C,C,C,C,C,C,B,B,B,B,B
NA|AS20221846|turdus_merula|NL|2022-09-03,AC,W,N,H,D,C,C,C,C,C,C,B,B,B,B,B
NA|AS20221818|turdus_merula|NL|2022-08-31,AD,W,N,H,D,C,C,C,C,C,C,B,B,B,B,B
NA|AS20221889|turdus_merula|NL|2022-09-18,AD,W,N,H,D,C,C,C,C,C,C,B,B,B,B,B
NA|AS20221875|turdus_merula|NL|2022-09-11,AE,W,N,H,D,C,C,C,C,C,C,B,B,B,B,B
NA|AS20221880|turdus_merula|NL|2022-09-12,AE,W,N,H,D,C,C,C,C,C,C,B,B,B,B,B
NA|AS20221884|turdus_merula|NL|2022-09-14,AF,W,N,H,D,C,C,C,C,C,C,B,B,B,B,B
NA|AS20221913|turdus_merula|NL|2022-09-11,AF,W,N,H,D,C,C,C,C,C,C,B,B,B,B,B
NA|22TV3780|turdus_merula|NL|2022-09-11,AG,W,N,H,D,C,C,C,C,C,C,B,B,B,B,B
NA|AS20221928|turdus_merula|NL|2022-09-25,AG,W,N,H,D,C,C,C,C,C,C,B,B,B,B,B
NA|AS20190579|prunella_modularis|NL|2019-09-19,AH,X,N,H,D,C,C,C,C,C,C,B,B,B,B,B
NA|AS20200605|turdus_merula|NL|2020-08-22,AH,X,N,H,D,C,C,C,C,C,C,B,B,B,B,B
NA|22B00749|turdidae_sp|NL|2022-09-21,AI,Z,O,H,D,C,C,C,C,C,C,B,B,B,B,B
NA|AS20221942|turdus_merula|NL|2022-09-20,AI,Z,O,H,D,C,C,C,C,C,C,B,B,B,B,B
MN122186|AS201600286|turdus_merula|NL|2016-09-28,AJ,AA,P,H,D,C,C,C,C,C,C,B,B,B,B,B
MN122201|AS201700121|turdus_merula|NL|2017-08-01,AJ,AA,P,H,D,C,C,C,C,C,C,B,B,B,B,B
NA|16TV1045|turdus_merula|NL|2017-08-02,AK,AB,Q,H,D,C,C,C,C,C,C,B,B,B,B,B
ON755219|Turdusmerula18_feather_WLC_Day0|turdus_merula|NL|2016,AK,AB,Q,H,D,C,C,C,C,C,C,B,B,B,B,B
MN122220|AS201800087|turdus_merula|NL|2018-08-01,AL,AB,Q,H,D,C,C,C,C,C,C,B,B,B,B,B
MN122245|AS201800125|turdus_merula|NL|2018-08-22,AL,AB,Q,H,D,C,C,C,C,C,C,B,B,B,B,B
MN122244|AS201800123|turdus_merula|NL|2018-08-21,AM,AC,R,H,D,C,C,C,C,C,C,B,B,B,B,B
MN122246|AS201800126|turdus_merula|NL|2018-08-22,AM,AC,R,H,D,C,C,C,C,C,C,B,B,B,B,B
NA|18TV1221|turdus_merula|NL|2018-10-13,AM,AC,R,H,D,C,C,C,C,C,C,B,B,B,B,B
KY294723|S-1238|turdus_merula|DE|2016,AN,AF,T,J,E,D,C,C,C,C,C,B,B,B,B,B
MN122238|AS201800115|turdus_merula|NL|2018-08-15,AN,AF,T,J,E,D,C,C,C,C,C,B,B,B,B,B
KY199557|NA|turdus_merula|DE|2016,AO,AF,T,J,E,D,C,C,C,C,C,B,B,B,B,B
KY294722|S-1232|turdus_merula|DE|2016,AO,AF,T,J,E,D,C,C,C,C,C,B,B,B,B,B
KJ438745|NA|turdus_merula|DE|2011-09-16,AP,AH,X,N,J,G,E,E,D,D,D,C,C,C,C,C
KJ438753|NA|turdus_merula|DE|2011-09-16,AP,AH,X,N,J,G,E,E,D,D,D,C,C,C,C,C
KJ438730|NA|turdus_merula|DE|2011-09-14,AQ,AI,Y,O,J,G,E,E,D,D,D,C,C,C,C,C
KJ438761|NA|turdus_merula|DE|2011-09-15,AQ,AI,Y,O,J,G,E,E,D,D,D,C,C,C,C,C
MN122172|AS201600221|turdus_merula|NL|2016-09-22,AR,AJ,Z,O,J,G,E,E,D,D,D,C,C,C,C,C
MN122179|AS201600268|turdus_merula|NL|2016-09-30,AR,AJ,Z,O,J,G,E,E,D,D,D,C,C,C,C,C
KJ859682|BAT1USUTU-BNI|pipistrellus_pipistrellus|DE|2013-09-21,AS,AK,Z,O,J,G,E,E,D,D,D,C,C,C,C,C
KJ859683|BAT2USUTU-BNI|pipistrellus_pipistrellus|DE|2013-10-05,AS,AK,Z,O,J,G,E,E,D,D,D,C,C,C,C,C
MK230890|Villers/2017|turdus_merula|BE|2017-08,AT,AM,Z,O,J,G,E,E,D,D,D,C,C,C,C,C
MN122158|AS201600104|turdus_merula|NL|2016-09-22,AT,AM,Z,O,J,G,E,E,D,D,D,C,C,C,C,C
NA|17TV1446|turdus_merula|NL|2017-09-07,AT,AM,Z,O,J,G,E,E,D,D,D,C,C,C,C,C
OP555958|NA|turdus_merula|BE|2017-08-07,AT,AM,Z,O,J,G,E,E,D,D,D,C,C,C,C,C
KX977447|NA|turdus_merula|BE|2016-09,AU,AM,Z,O,J,G,E,E,D,D,D,C,C,C,C,C
MN122174|AS201600241|turdus_merula|NL|2016-09-27,AU,AM,Z,O,J,G,E,E,D,D,D,C,C,C,C,C
MN122188|AS201700024|turdus_merula|NL|2017-04-11,AU,AM,Z,O,J,G,E,E,D,D,D,C,C,C,C,C
MN122189|AS201700077|turdus_merula|NL|2017-07-03,AU,AM,Z,O,J,G,E,E,D,D,D,C,C,C,C,C
MN122192|AS201700086|turdus_merula|NL|2017-07-11,AU,AM,Z,O,J,G,E,E,D,D,D,C,C,C,C,C
MN122152|AS201600060|turdus_merula|NL|2016-09-12,AV,AM,Z,O,J,G,E,E,D,D,D,C,C,C,C,C
MN122196|AS201700103|turdus_merula|NL|2017-07-19,AV,AM,Z,O,J,G,E,E,D,D,D,C,C,C,C,C
MN122203|AS201700127|turdus_merula|NL|2017-07-30,AV,AM,Z,O,J,G,E,E,D,D,D,C,C,C,C,C
KY426753|NA|turdus_merula|DE|2015-08-18,AW,AN,Z,O,J,G,E,E,D,D,D,C,C,C,C,C
KY426766|NA|turdus_merula|DE|2016-10-11,AW,AN,Z,O,J,G,E,E,D,D,D,C,C,C,C,C
KJ438750|NA|turdus_merula|DE|2011-09-14,AX,AO,AA,O,J,G,E,E,D,D,D,C,C,C,C,C
KJ438751|NA|turdus_merula|DE|2011-09-15,AX,AO,AA,O,J,G,E,E,D,D,D,C,C,C,C,C
KJ438758|NA|turdus_merula|DE|2013-08-13,AY,AP,AA,O,J,G,E,E,D,D,D,C,C,C,C,C
KX601690|USUV-HautRhin7315/France/2015|turdus_merula|FR|2015-08-10,AY,AP,AA,O,J,G,E,E,D,D,D,C,C,C,C,C
KY263624|NA|turdus_merula|BE|2016-10,AZ,AS,AC,P,J,G,E,E,D,D,D,C,C,C,C,C
OP555957|NA|turdus_merula|BE|2017-07-24,AZ,AS,AC,P,J,G,E,E,D,D,D,C,C,C,C,C
MN122229|AS201800097|turdus_merula|NL|2018-08-03,BA,AS,AC,P,J,G,E,E,D,D,D,C,C,C,C,C
MT580899|NA|strix_nebulosa|DE|2018,BA,AS,AC,P,J,G,E,E,D,D,D,C,C,C,C,C
KJ438744|NA|turdus_merula|DE|2012-06-23,BB,AT,AD,Q,J,G,E,E,D,D,D,C,C,C,C,C
KJ438749|NA|turdus_merula|DE|2012-07-18,BB,AT,AD,Q,J,G,E,E,D,D,D,C,C,C,C,C
KJ438776|NA|turdus_merula|DE|2011-09-14,BC,AU,AE,R,K,H,E,E,D,D,D,C,C,C,C,C
KJ438777|NA|turdus_merula|DE|2011-09-14,BC,AU,AE,R,K,H,E,E,D,D,D,C,C,C,C,C
KJ438769|NA|turdus_merula|DE|2011-09-15,BD,AV,AE,R,K,H,E,E,D,D,D,C,C,C,C,C
KJ438779|NA|turdus_merula|DE|2012-07-12,BD,AV,AE,R,K,H,E,E,D,D,D,C,C,C,C,C
KY426769|NA|turdus_merula|DE|2016-09-20,BE,AW,AE,R,K,H,E,E,D,D,D,C,C,C,C,C
KY426770|NA|turdus_merula|DE|2016-09-20,BE,AW,AE,R,K,H,E,E,D,D,D,C,C,C,C,C
KJ438767|NA|culex_sp|DE|2011-09-08,BF,AY,AF,S,K,H,E,E,D,D,D,C,C,C,C,C
KJ438778|NA|turdus_merula|DE|2011-09-19,BF,AY,AF,S,K,H,E,E,D,D,D,C,C,C,C,C
KY315178|Gracula_religiosa/U1609393/Belgium/2016|gracula_religiosa|BE|2016-10-03,BG,AZ,AG,S,K,H,E,E,D,D,D,C,C,C,C,C
MN122213|AS201700248|turdus_merula|NL|2017-09-20,BG,AZ,AG,S,K,H,E,E,D,D,D,C,C,C,C,C
OP734252|NA|culex_pipiens|IT|2022-08-01,BH,BC,AH,U,M,J,F,F,E,E,E,D,C,C,C,C
OP734258|NA|culex_pipiens|IT|2022-07-27,BH,BC,AH,U,M,J,F,F,E,E,E,D,C,C,C,C
ON032483|ITA2021_301597|turdus_merula|IT|2021-08-19,BI,BG,AL,X,N,J,F,F,E,E,E,D,C,C,C,C
ON032484|ITA2021_305812|columba_palumbus|IT|2021-09-10,BI,BG,AL,X,N,J,F,F,E,E,E,D,C,C,C,C
ON032474|ITA2020_115108|culex_pipiens|IT|2020,BJ,BG,AL,X,N,J,F,F,E,E,E,D,C,C,C,C
ON032476|ITA2020_155885|turdus_merula|IT|2020,BJ,BG,AL,X,N,J,F,F,E,E,E,D,C,C,C,C
OP734259|NA|culex_pipiens|IT|2022-07-25,BJ,BG,AL,X,N,J,F,F,E,E,E,D,C,C,C,C
OR921102|2023TE1908911|culex_pipiens|IT|2023-09-15,BK,BG,AL,X,N,J,F,F,E,E,E,D,C,C,C,C
OR921105|2023TE1839111|phoenicurus_phoenicurus|IT|2023-09-08,BK,BG,AL,X,N,J,F,F,E,E,E,D,C,C,C,C
OP734253|NA|culex_pipiens|IT|2022-08-05,BL,BG,AL,X,N,J,F,F,E,E,E,D,C,C,C,C
OP734261|NA|culex_pipiens|IT|2022-07-08,BL,BG,AL,X,N,J,F,F,E,E,E,D,C,C,C,C
OR921103|2023TE1683411|culex_pipiens|IT|2023-08-11,BM,BG,AL,X,N,J,F,F,E,E,E,D,C,C,C,C
PP104384|TE2518112|culex_pipiens|IT|2023-09-22,BM,BG,AL,X,N,J,F,F,E,E,E,D,C,C,C,C
OR757488|1572124|culex_pipiens|IT|2023-07-06,BN,BH,AM,Y,O,J,F,F,E,E,E,D,C,C,C,C
OR921101|2023TE1838411|culex_pipiens|IT|2023-09-08,BN,BH,AM,Y,O,J,F,F,E,E,E,D,C,C,C,C
PP104385|TE2518212|culex_pipiens|IT|2023-09-22,BN,BH,AM,Y,O,J,F,F,E,E,E,D,C,C,C,C
PP104389|TE2518712|culex_pipiens|IT|2023-09-22,BN,BH,AM,Y,O,J,F,F,E,E,E,D,C,C,C,C
NA|23VIR8708|columbidae_sp|IT|2023-09-01,BO,BH,AM,Y,O,J,F,F,E,E,E,D,C,C,C,C
NA|23pool1901_23RS1909-300|culex_pipiens|IT|2023-08-16,BO,BH,AM,Y,O,J,F,F,E,E,E,D,C,C,C,C
NA|23VIR9300|turdus_merula|IT|2023-10-01,BP,BH,AM,Y,O,J,F,F,E,E,E,D,C,C,C,C
NA|23pool2067_23RS1943-143|culex_pipiens|IT|2023-08-24,BP,BH,AM,Y,O,J,F,F,E,E,E,D,C,C,C,C
OR921096|2023TE1822511|turdus_merula|IT|2023-09-07,BP,BH,AM,Y,O,J,F,F,E,E,E,D,C,C,C,C
OR921100|2023TE1837011|culex_pipiens|IT|2023-09-08,BP,BH,AM,Y,O,J,F,F,E,E,E,D,C,C,C,C
MT784898|NA|turdus_iliacus|IT|2017,BQ,BI,AN,Y,O,J,F,F,E,E,E,D,C,C,C,C
MW164717|17pool1609|culex_pipiens|IT|2017-08-16,BQ,BI,AN,Y,O,J,F,F,E,E,E,D,C,C,C,C
MW164769|18pool948|culex_pipiens|IT|2018-07-06,BR,BJ,AN,Y,O,J,F,F,E,E,E,D,C,C,C,C
NA|20VIR4951|serinus_canaria|IT|2020-08-19,BR,BJ,AN,Y,O,J,F,F,E,E,E,D,C,C,C,C
MW164691|15pool1751|culex_pipiens|IT|2015-09-02,BS,BK,AO,Z,O,J,F,F,E,E,E,D,C,C,C,C
MW164694|15VIR4781-31|turdus_iliacus|IT|2015-09-15,BS,BK,AO,Z,O,J,F,F,E,E,E,D,C,C,C,C
MW164729|17VIR8655-3|larus_michahellis|IT|2017-09-18,BT,BL,AO,Z,O,J,F,F,E,E,E,D,C,C,C,C
MW164748|18pool1442|culex_pipiens|IT|2018-07-31,BT,BL,AO,Z,O,J,F,F,E,E,E,D,C,C,C,C
MW164715|17pool1525|culex_pipiens|IT|2017-08-07,BU,BM,AO,Z,O,J,F,F,E,E,E,D,C,C,C,C
MW164747|18pool1430|culex_pipiens|IT|2018-07-31,BU,BM,AO,Z,O,J,F,F,E,E,E,D,C,C,C,C
NA|23pool1280_23RS1633-583|culex_pipiens|IT|2023-07-05,BV,BN,AP,Z,O,J,F,F,E,E,E,D,C,C,C,C
NA|23pool2138_23RS2497-1|culex_pipiens|IT|2023-11-13,BV,BN,AP,Z,O,J,F,F,E,E,E,D,C,C,C,C
PP104390|TE2518812|columbidae_sp|IT|2023-08-25,BV,BN,AP,Z,O,J,F,F,E,E,E,D,C,C,C,C
MW164697|16pool1634|culex_pipiens|IT|2016-07-20,BW,BO,AP,Z,O,J,F,F,E,E,E,D,C,C,C,C
MW164722|17pool1671|culex_pipiens|IT|2017-08-16,BW,BO,AP,Z,O,J,F,F,E,E,E,D,C,C,C,C
MW164727|17VIR7761-4|sturnus_vulgaris|IT|2017-09-01,BW,BO,AP,Z,O,J,F,F,E,E,E,D,C,C,C,C
MW164728|17VIR7838-4|turdus_merula|IT|2017-08-30,BW,BO,AP,Z,O,J,F,F,E,E,E,D,C,C,C,C
PP104387|TE2518512|sturnus_vulgaris|IT|2023-09-13,BX,BQ,AS,AB,Q,J,F,F,E,E,E,D,C,C,C,C
PP104388|TE2518612|turdus_merula|IT|2023-09-22,BX,BQ,AS,AB,Q,J,F,F,E,E,E,D,C,C,C,C
OP734260|NA|culex_pipiens|IT|2022-07-08,BY,BS,AS,AB,Q,J,F,F,E,E,E,D,C,C,C,C
OR757491|17404212|laridae_sp|IT|2023-07-20,BY,BS,AS,AB,Q,J,F,F,E,E,E,D,C,C,C,C
KX816648|220921-2/2011|culex_pipiens|IT|2011-09,BZ,BT,AT,AC,Q,J,F,F,E,E,E,D,C,C,C,C
MW164640|11pool2444|culex_pipiens|IT|2011-09-21,BZ,BT,AT,AC,Q,J,F,F,E,E,E,D,C,C,C,C
MW164671|14pool1366|culex_pipiens|IT|2014-08-20,CA,BU,AT,AC,Q,J,F,F,E,E,E,D,C,C,C,C
MW164673|14pool1394|culex_pipiens|IT|2014-08-26,CA,BU,AT,AC,Q,J,F,F,E,E,E,D,C,C,C,C
MW164682|14pool857|culex_pipiens|IT|2014-07-22,CA,BU,AT,AC,Q,J,F,F,E,E,E,D,C,C,C,C
MW164685|15pool1187|culex_pipiens|IT|2015-07-22,CB,BV,AT,AC,Q,J,F,F,E,E,E,D,C,C,C,C
MW164714|17pool1493|culex_pipiens|IT|2017-08-02,CB,BV,AT,AC,Q,J,F,F,E,E,E,D,C,C,C,C
MW164753|18pool1523|culex_pipiens|IT|2018-08-02,CC,BW,AT,AC,Q,J,F,F,E,E,E,D,C,C,C,C
NA|20VIR4811|serinus_canaria|IT|2020-08-10,CC,BW,AT,AC,Q,J,F,F,E,E,E,D,C,C,C,C
MW164719|17pool1647|culex_pipiens|IT|2017-08-16,CD,BW,AT,AC,Q,J,F,F,E,E,E,D,C,C,C,C
MW164745|18pool1398|culex_pipiens|IT|2018-07-26,CD,BW,AT,AC,Q,J,F,F,E,E,E,D,C,C,C,C
MW164758|18pool1617|culex_pipiens|IT|2018-08-09,CD,BW,AT,AC,Q,J,F,F,E,E,E,D,C,C,C,C
MW164764|18pool1795|culex_pipiens|IT|2018-08-23,CD,BW,AT,AC,Q,J,F,F,E,E,E,D,C,C,C,C
MW164708|17pool103G|culex_pipiens|IT|2017-08-30,CE,BW,AT,AC,Q,J,F,F,E,E,E,D,C,C,C,C
MW164771|18VIR7859-4|turdus_merula|IT|2018-09-07,CE,BW,AT,AC,Q,J,F,F,E,E,E,D,C,C,C,C
MW164711|17pool1252|culex_pipiens|IT|2017-07-19,CF,BX,AT,AC,Q,J,F,F,E,E,E,D,C,C,C,C
MW164733|18pool1124|culex_pipiens|IT|2018-07-12,CF,BX,AT,AC,Q,J,F,F,E,E,E,D,C,C,C,C
MW164736|18pool1219|culex_pipiens|IT|2018-07-17,CF,BX,AT,AC,Q,J,F,F,E,E,E,D,C,C,C,C
MW164641|12pool1898|culex_pipiens|IT|2012-07-24,CG,BZ,AT,AC,Q,J,F,F,E,E,E,D,C,C,C,C
MW164663|13pool5778|culex_pipiens|IT|2013-08-13,CG,BZ,AT,AC,Q,J,F,F,E,E,E,D,C,C,C,C
MW164668|13pool6465|culex_pipiens|IT|2013-09-05,CG,BZ,AT,AC,Q,J,F,F,E,E,E,D,C,C,C,C
MW164670|13pool6472|culex_pipiens|IT|2013-09-05,CG,BZ,AT,AC,Q,J,F,F,E,E,E,D,C,C,C,C
MW164679|14pool1511|culex_pipiens|IT|2014-09-03,CG,BZ,AT,AC,Q,J,F,F,E,E,E,D,C,C,C,C
KU573075|201602-24/2014|culex_pipiens|IT|2014,CH,CA,AU,AD,R,J,F,F,E,E,E,D,C,C,C,C
KX816650|211984-4/2012|culex_pipiens|IT|2012-08,CH,CA,AU,AD,R,J,F,F,E,E,E,D,C,C,C,C
KU573074|245735-8/2013|culex_pipiens|IT|2013,CI,CA,AU,AD,R,J,F,F,E,E,E,D,C,C,C,C
KX816651|211204-8/2012|culex_pipiens|IT|2012-08,CI,CA,AU,AD,R,J,F,F,E,E,E,D,C,C,C,C
MW164660|13pool5678|culex_pipiens|IT|2013-08-08,CI,CA,AU,AD,R,J,F,F,E,E,E,D,C,C,C,C
MW164664|13pool5827|culex_pipiens|IT|2013-08-13,CI,CA,AU,AD,R,J,F,F,E,E,E,D,C,C,C,C
KX555625|NA|turdus_merula|IT|2010,CJ,CB,AV,AE,S,J,F,F,E,E,E,D,C,C,C,C
KX555627|NA|turdus_merula|IT|2010,CJ,CB,AV,AE,S,J,F,F,E,E,E,D,C,C,C,C
KX555628|NA|turdus_merula|IT|2010,CJ,CB,AV,AE,S,J,F,F,E,E,E,D,C,C,C,C
MW164651|12pool2626|culex_pipiens|IT|2012-09-05,CK,CC,AW,AF,T,K,G,F,E,E,E,D,C,C,C,C
MW164666|13pool5999|culex_pipiens|IT|2013-08-21,CK,CC,AW,AF,T,K,G,F,E,E,E,D,C,C,C,C
MW164647|12pool2262|culex_pipiens|IT|2012-08-07,CL,CC,AW,AF,T,K,G,F,E,E,E,D,C,C,C,C
MW164677|14pool1489|culex_pipiens|IT|2014-09-02,CL,CC,AW,AF,T,K,G,F,E,E,E,D,C,C,C,C
MW164695|15VIR4781-42|turdus_merula|IT|2015-09-15,CM,CD,AX,AF,T,K,G,F,E,E,E,D,C,C,C,C
MW164698|16pool1777|culex_pipiens|IT|2016-07-25,CM,CD,AX,AF,T,K,G,F,E,E,E,D,C,C,C,C
MW164674|14pool1419|culex_pipiens|IT|2014-08-26,CN,CD,AX,AF,T,K,G,F,E,E,E,D,C,C,C,C
MW164705|16pool2336|culex_pipiens|IT|2016-08-29,CN,CD,AX,AF,T,K,G,F,E,E,E,D,C,C,C,C
MW164689|15pool1503|culex_pipiens|IT|2015-08-10,CO,CD,AX,AF,T,K,G,F,E,E,E,D,C,C,C,C
MW164702|16pool2106|culex_pipiens|IT|2016-08-16,CO,CD,AX,AF,T,K,G,F,E,E,E,D,C,C,C,C
MW164650|12pool2586|culex_pipiens|IT|2012-08-23,CP,CD,AX,AF,T,K,G,F,E,E,E,D,C,C,C,C
MW164667|13pool6009|culex_pipiens|IT|2013-08-21,CP,CD,AX,AF,T,K,G,F,E,E,E,D,C,C,C,C
MW164646|12pool2249|culex_pipiens|IT|2012-08-07,CQ,CD,AX,AF,T,K,G,F,E,E,E,D,C,C,C,C
MW164659|13pool5600|culex_pipiens|IT|2013-08-07,CQ,CD,AX,AF,T,K,G,F,E,E,E,D,C,C,C,C
AY453411|NA|NA|AT|2001,CR,CE,AY,AG,U,L,H,G,F,E,E,D,C,C,C,C
JQ219843|NA|cyanistes_caeruleus|AT|2002-08-29,CR,CE,AY,AG,U,L,H,G,F,E,E,D,C,C,C,C
KY199556|NA|strix_nebulosa|DE|2016,NA,B,B,B,B,B,B,B,B,B,B,A,A,A,A,A
KY263625|NA|turdus_merula|BE|2016-10,NA,C,C,C,C,C,C,C,C,C,C,B,B,B,B,B
MN122178|AS201600265|turdus_merula|NL|2016-09-30,NA,C,C,C,C,C,C,C,C,C,C,B,B,B,B,B
MN122159|AS201600107|turdus_merula|NL|2016-09-22,NA,E,E,D,C,C,C,C,C,C,C,B,B,B,B,B
MN122168|AS201600148|turdus_merula|NL|2016-09-23,NA,E,E,D,C,C,C,C,C,C,C,B,B,B,B,B
MN122191|AS201700084|turdus_merula|NL|2017-07-05,NA,E,E,D,C,C,C,C,C,C,C,B,B,B,B,B
OP921078|18TV0973_Turdusphilomelos|turdidae_sp|NL|2018-08-18,NA,E,E,D,C,C,C,C,C,C,C,B,B,B,B,B
MK230891|Seraing/2017|turdus_merula|BE|2017-08,NA,F,E,D,C,C,C,C,C,C,C,B,B,B,B,B
NA|AS20190716|copsychus_malabaricus|NL|2019-10-07,NA,F,E,D,C,C,C,C,C,C,C,B,B,B,B,B
MN122165|AS201600127|turdus_merula|NL|2016-09-23,NA,G,E,D,C,C,C,C,C,C,C,B,B,B,B,B
MN122208|AS201700170|turdus_merula|NL|2017-08-25,NA,G,E,D,C,C,C,C,C,C,C,B,B,B,B,B
MN122253|AS201800154|turdus_merula|NL|2018-08-31,NA,G,E,D,C,C,C,C,C,C,C,B,B,B,B,B
NA|AS20190494|turdus_merula|NL|2019-08-28,NA,G,E,D,C,C,C,C,C,C,C,B,B,B,B,B
ON755210|Turdusmerula17_feather_WLC_Day43|turdus_merula|NL|2016,NA,G,E,D,C,C,C,C,C,C,C,B,B,B,B,B
MN122228|AS201800095|turdus_merula|NL|2018-08-06,NA,H,F,D,C,C,C,C,C,C,C,B,B,B,B,B
MN122247|AS201800127|turdus_merula|NL|2018-08-22,NA,H,F,D,C,C,C,C,C,C,C,B,B,B,B,B
NA|AS20222401|turdus_merula|NL|2022-11-10,NA,H,F,D,C,C,C,C,C,C,C,B,B,B,B,B
MN122195|AS201700096|turdus_merula|NL|2017-07-14,NA,K,G,D,C,C,C,C,C,C,C,B,B,B,B,B
NA|AS20210829|turdus_merula|NL|2021-09-19,NA,K,G,D,C,C,C,C,C,C,C,B,B,B,B,B
MN122161|AS201600115|turdus_merula|NL|2016-09-22,NA,L,G,D,C,C,C,C,C,C,C,B,B,B,B,B
NA|AS20190450|turdus_merula|NL|2019-09-03,NA,L,G,D,C,C,C,C,C,C,C,B,B,B,B,B
NA|AS20221828|turdus_merula|NL|2022-08-26,NA,L,G,D,C,C,C,C,C,C,C,B,B,B,B,B
MN122226|AS201800093|turdus_merula|NL|2018-08-03,NA,M,H,D,C,C,C,C,C,C,C,B,B,B,B,B
NA|AS201700198|strix_nebulosa|NL|2017-09-05,NA,M,H,D,C,C,C,C,C,C,C,B,B,B,B,B
NA|AS20200561|turdus_merula|NL|2020-09-27,NA,M,H,D,C,C,C,C,C,C,C,B,B,B,B,B
MN122167|AS201600136|turdus_merula|NL|2016-09-23,NA,N,I,E,C,C,C,C,C,C,C,B,B,B,B,B
MN122210|AS201700177|turdus_merula|NL|2017-09-15,NA,N,I,E,C,C,C,C,C,C,C,B,B,B,B,B
MN122250|AS201800150|turdus_merula|NL|2018-08-30,NA,N,I,E,C,C,C,C,C,C,C,B,B,B,B,B
NA|18TV1196|turdidae_sp|NL|2018-09-16,NA,N,I,E,C,C,C,C,C,C,C,B,B,B,B,B
KY426757|NA|turdus_merula|DE|2016-09-23,NA,O,J,E,C,C,C,C,C,C,C,B,B,B,B,B
KY426764|NA|turdus_merula|DE|2016-10-04,NA,O,J,E,C,C,C,C,C,C,C,B,B,B,B,B
MN122194|AS201700090|turdus_merula|NL|2017-07-13,NA,Q,K,F,C,C,C,C,C,C,C,B,B,B,B,B
MN122218|AS201800084|turdus_merula|NL|2018-07-31,NA,Q,K,F,C,C,C,C,C,C,C,B,B,B,B,B
NA|18TV1517|turdus_merula|NL|2018-10-11,NA,Q,K,F,C,C,C,C,C,C,C,B,B,B,B,B
NA|AS201600289_BEC009|strix_nebulosa|NL|2016,NA,Q,K,F,C,C,C,C,C,C,C,B,B,B,B,B
PV235994|USUV/NL/2021/CMV2045|culex_sp|NL|2021-07-26,NA,Q,K,F,C,C,C,C,C,C,C,B,B,B,B,B
MN122200|AS201700118|turdus_merula|NL|2017-08-03,NA,R,K,F,C,C,C,C,C,C,C,B,B,B,B,B
NA|AS20190438|gracula_religiosa|NL|2019-09-12,NA,T,M,H,D,C,C,C,C,C,C,B,B,B,B,B
OP921077|16TV1039_Ixodesfrontalis|ixodes_frontalis|NL|2016-10-07,NA,T,M,H,D,C,C,C,C,C,C,B,B,B,B,B
NA|AS20221952|streptopelia_decaocto|NL|2022-09-27,NA,U,M,H,D,C,C,C,C,C,C,B,B,B,B,B
PV235996|USUV/NL/2022/CMV3394|culex_sp|NL|2022-07-26,NA,U,M,H,D,C,C,C,C,C,C,B,B,B,B,B
NA|AS20200689|turdus_merula|NL|2020-09-30,NA,W,N,H,D,C,C,C,C,C,C,B,B,B,B,B
NA|AS20221637|turdus_merula|NL|2022-08-04,NA,W,N,H,D,C,C,C,C,C,C,B,B,B,B,B
NA|AS20221994|passer_domesticus|NL|2022-09-19,NA,W,N,H,D,C,C,C,C,C,C,B,B,B,B,B
PV235993|USUV/NL/2019/CMV442|culex_sp|NL|2019-08-22,NA,X,N,H,D,C,C,C,C,C,C,B,B,B,B,B
MW001216|NA|turdus_merula|UK|2020-07,NA,Y,O,H,D,C,C,C,C,C,C,B,B,B,B,B
NA|Blackbird_Cambridgeshire_2023_a|turdus_merula|UK|2023-08,NA,Y,O,H,D,C,C,C,C,C,C,B,B,B,B,B
NA|Blackbird_London_2022_a|turdus_merula|UK|2022-09,NA,Y,O,H,D,C,C,C,C,C,C,B,B,B,B,B
NA|Blackbird_London_2022_b|turdus_merula|UK|2022-09,NA,Y,O,H,D,C,C,C,C,C,C,B,B,B,B,B
OM202464|Greater_London_2021|turdus_merula|UK|2021-09,NA,Y,O,H,D,C,C,C,C,C,C,B,B,B,B,B
NA|AS201800175|turdus_merula|NL|2018-08-22,NA,AB,Q,H,D,C,C,C,C,C,C,B,B,B,B,B
KM659877|NA|turdus_merula|DE|2014-09-11,NA,AC,R,H,D,C,C,C,C,C,C,B,B,B,B,B
KY426761|NA|turdus_merula|DE|2016-09-04,NA,AC,R,H,D,C,C,C,C,C,C,B,B,B,B,B
MN122233|AS201800102|turdus_merula|NL|2018-08-09,NA,AC,R,H,D,C,C,C,C,C,C,B,B,B,B,B
NA|AS201700148|strix_nebulosa|NL|2017-07-31,NA,AC,R,H,D,C,C,C,C,C,C,B,B,B,B,B
MN122231|AS201800100|turdus_merula|NL|2018-08-07,NA,AD,S,I,D,C,C,C,C,C,C,B,B,B,B,B
MN122232|AS201800101|turdus_merula|NL|2018-08-07,NA,AD,S,I,D,C,C,C,C,C,C,B,B,B,B,B
MN122182|AS201600280|turdus_merula|NL|2016-09-26,NA,AE,S,I,D,C,C,C,C,C,C,B,B,B,B,B
NA|AS20221660|turdus_merula|NL|2022-08-08,NA,AE,S,I,D,C,C,C,C,C,C,B,B,B,B,B
ON755217|Turdusmerula15_feather_WLC_Day0|turdus_merula|NL|2016,NA,AE,S,I,D,C,C,C,C,C,C,B,B,B,B,B
KJ438780|NA|turdus_merula|DE|2011-09-14,NA,AG,V,M,I,F,E,E,D,D,D,C,C,C,C,C
KJ438781|NA|turdus_merula|DE|2011-09-26,NA,AG,V,M,I,F,E,E,D,D,D,C,C,C,C,C
KJ438759|NA|turdus_merula|DE|2011-09-28,NA,AH,X,N,J,G,E,E,D,D,D,C,C,C,C,C
KJ438760|NA|turdus_merula|DE|2011-09-16,NA,AH,X,N,J,G,E,E,D,D,D,C,C,C,C,C
KY426759|NA|turdus_merula|DE|2016-09-12,NA,AL,Z,O,J,G,E,E,D,D,D,C,C,C,C,C
MN122215|AS201800038|turdus_merula|NL|2017-09-11,NA,AL,Z,O,J,G,E,E,D,D,D,C,C,C,C,C
KY426755|NA|turdus_merula|DE|2016-09-19,NA,AM,Z,O,J,G,E,E,D,D,D,C,C,C,C,C
KY426756|NA|turdus_merula|DE|2016-09-23,NA,AM,Z,O,J,G,E,E,D,D,D,C,C,C,C,C
MN122177|AS201600253|turdus_merula|NL|2016-09-27,NA,AM,Z,O,J,G,E,E,D,D,D,C,C,C,C,C
MN122235|AS201800112|turdus_merula|NL|2018-08-14,NA,AM,Z,O,J,G,E,E,D,D,D,C,C,C,C,C
KJ438741|NA|turdus_merula|DE|2013-08-26,NA,AN,Z,O,J,G,E,E,D,D,D,C,C,C,C,C
KJ438747|NA|turdus_merula|DE|2012-07-17,NA,AO,AA,O,J,G,E,E,D,D,D,C,C,C,C,C
KJ438757|NA|turdus_merula|DE|2013-08-26,NA,AP,AA,O,J,G,E,E,D,D,D,C,C,C,C,C
KJ438708|NA|culex_pipiens|DE|2011-08-08,NA,AQ,AA,O,J,G,E,E,D,D,D,C,C,C,C,C
KJ438729|NA|turdus_merula|DE|2012-07-18,NA,AQ,AA,O,J,G,E,E,D,D,D,C,C,C,C,C
KJ438742|NA|turdus_merula|DE|2013-09-23,NA,AQ,AA,O,J,G,E,E,D,D,D,C,C,C,C,C
KJ438764|NA|turdus_merula|DE|2012-07-17,NA,AQ,AA,O,J,G,E,E,D,D,D,C,C,C,C,C
KJ438766|NA|turdus_merula|DE|2012-09-19,NA,AQ,AA,O,J,G,E,E,D,D,D,C,C,C,C,C
KX601691|USUV-HautRhin7316/France/2015|turdus_merula|FR|2015-08-05,NA,AQ,AA,O,J,G,E,E,D,D,D,C,C,C,C,C
KJ438738|NA|turdus_merula|DE|2011-09-16,NA,AR,AB,P,J,G,E,E,D,D,D,C,C,C,C,C
KY426768|NA|turdus_merula|DE|2016-10-12,NA,AR,AB,P,J,G,E,E,D,D,D,C,C,C,C,C
MN122198|AS201700109|turdus_merula|NL|2017-07-25,NA,AS,AC,P,J,G,E,E,D,D,D,C,C,C,C,C
NA|20TV2299|turdus_merula|NL|2020-08-29,NA,AS,AC,P,J,G,E,E,D,D,D,C,C,C,C,C
KJ438739|NA|turdus_merula|DE|2013-09-10,NA,AT,AD,Q,J,G,E,E,D,D,D,C,C,C,C,C
KJ438756|NA|turdus_merula|DE|2011-09-26,NA,AT,AD,Q,J,G,E,E,D,D,D,C,C,C,C,C
KJ438762|NA|turdus_merula|DE|2011-09-18,NA,AT,AD,Q,J,G,E,E,D,D,D,C,C,C,C,C
KY426762|NA|turdus_merula|DE|2016-09-26,NA,AW,AE,R,K,H,E,E,D,D,D,C,C,C,C,C
KJ438771|NA|turdus_merula|DE|2013-05-05,NA,AX,AE,R,K,H,E,E,D,D,D,C,C,C,C,C
KY199558|NA|turdus_merula|DE|2016,NA,AX,AE,R,K,H,E,E,D,D,D,C,C,C,C,C
OP555956|NA|strix_nebulosa|BE|2017-07-10,NA,AX,AE,R,K,H,E,E,D,D,D,C,C,C,C,C
MK796168|AS201600070|strix_nebulosa|NL|2016-09-13,NA,BA,AG,S,K,H,E,E,D,D,D,C,C,C,C,C
NA|AS20190530|turdus_merula|NL|2019-08-19,NA,BA,AG,S,K,H,E,E,D,D,D,C,C,C,C,C
NA|AS20221798|turdus_merula|NL|2022-08-30,NA,BA,AG,S,K,H,E,E,D,D,D,C,C,C,C,C
MN122166|AS201600133|turdus_merula|NL|2016-09-23,NA,BB,AG,S,K,H,E,E,D,D,D,C,C,C,C,C
NA|AS201700147|branta_ruficollis|NL|2017-08-14,NA,BB,AG,S,K,H,E,E,D,D,D,C,C,C,C,C
OP734251|NA|culex_pipiens|IT|2022-08-01,NA,BC,AH,U,M,J,F,F,E,E,E,D,C,C,C,C
PV501208|296|culex_sp|HU|2024-08-02,NA,BD,AI,V,M,J,F,F,E,E,E,D,C,C,C,C
PV501211|412|culex_sp|HU|2024-08-07,NA,BD,AI,V,M,J,F,F,E,E,E,D,C,C,C,C
NA|23VIR9292|turdus_merula|IT|2023-10-01,NA,BE,AJ,X,N,J,F,F,E,E,E,D,C,C,C,C
OR757496|1740423|NA|IT|2023-07-15,NA,BE,AJ,X,N,J,F,F,E,E,E,D,C,C,C,C
OP734254|NA|NA|IT|2022-08-08,NA,BF,AK,X,N,J,F,F,E,E,E,D,C,C,C,C
OR757495|1740422|culex_pipiens|IT|2023-07-18,NA,BF,AK,X,N,J,F,F,E,E,E,D,C,C,C,C
MW164738|18pool1258|culex_pipiens|IT|2018-07-19,NA,BG,AL,X,N,J,F,F,E,E,E,D,C,C,C,C
ON032480|ITA2021_305818|turdus_merula|IT|2021-09-30,NA,BG,AL,X,N,J,F,F,E,E,E,D,C,C,C,C
ON032485|ITA2021_302331|turdus_merula|IT|2021,NA,BG,AL,X,N,J,F,F,E,E,E,D,C,C,C,C
ON032486|ITA2021_310782|turdus_merula|IT|2021,NA,BG,AL,X,N,J,F,F,E,E,E,D,C,C,C,C
OP734245|NA|culex_pipiens|IT|2022-07-01,NA,BG,AL,X,N,J,F,F,E,E,E,D,C,C,C,C
OR921095|2023TE1639211|culex_pipiens|IT|2023-08-11,NA,BG,AL,X,N,J,F,F,E,E,E,D,C,C,C,C
OR921098|2023TE1683511|columba_palumbus|IT|2023-08-23,NA,BG,AL,X,N,J,F,F,E,E,E,D,C,C,C,C
OR921099|2023TE1908111|turdus_merula|IT|2023-09-15,NA,BG,AL,X,N,J,F,F,E,E,E,D,C,C,C,C
PP104386|TE2518312|culex_pipiens|IT|2023-09-08,NA,BG,AL,X,N,J,F,F,E,E,E,D,C,C,C,C
NA|20VIR5077|turdus_merula|IT|2020-08-21,NA,BH,AM,Y,O,J,F,F,E,E,E,D,C,C,C,C
NA|22VIR7086-3|turdus_merula|IT|2022-07-18,NA,BH,AM,Y,O,J,F,F,E,E,E,D,C,C,C,C
MW164687|15pool1419|culex_pipiens|IT|2015-08-05,NA,BI,AN,Y,O,J,F,F,E,E,E,D,C,C,C,C
MW164739|18pool1261|culex_pipiens|IT|2018-07-19,NA,BI,AN,Y,O,J,F,F,E,E,E,D,C,C,C,C
MW164757|18pool1614|culex_pipiens|IT|2018-08-09,NA,BJ,AN,Y,O,J,F,F,E,E,E,D,C,C,C,C
MW164681|14pool1703|culex_pipiens|IT|2014-09-23,NA,BK,AO,Z,O,J,F,F,E,E,E,D,C,C,C,C
MW164686|15pool1335|culex_pipiens|IT|2015-08-03,NA,BK,AO,Z,O,J,F,F,E,E,E,D,C,C,C,C
MW164743|18pool1267|culex_pipiens|IT|2018-07-19,NA,BK,AO,Z,O,J,F,F,E,E,E,D,C,C,C,C
MW164703|16pool2117|culex_pipiens|IT|2016-08-16,NA,BM,AO,Z,O,J,F,F,E,E,E,D,C,C,C,C
MW164716|17pool1544|culex_pipiens|IT|2017-08-07,NA,BM,AO,Z,O,J,F,F,E,E,E,D,C,C,C,C
MW164734|18pool1141|culex_pipiens|IT|2018-07-17,NA,BM,AO,Z,O,J,F,F,E,E,E,D,C,C,C,C
MW164746|18pool1405|culex_pipiens|IT|2018-07-26,NA,BM,AO,Z,O,J,F,F,E,E,E,D,C,C,C,C
MW164754|18pool1556|culex_pipiens|IT|2018-08-07,NA,BM,AO,Z,O,J,F,F,E,E,E,D,C,C,C,C
OP734248|NA|culex_pipiens|IT|2022-07-29,NA,BM,AO,Z,O,J,F,F,E,E,E,D,C,C,C,C
MW164731|18pool1018|culex_pipiens|IT|2018-07-10,NA,BN,AP,Z,O,J,F,F,E,E,E,D,C,C,C,C
NA|23VIR8795|turdus_merula|IT|2023-08-23,NA,BN,AP,Z,O,J,F,F,E,E,E,D,C,C,C,C
OP734256|NA|culex_pipiens|IT|2022-07-29,NA,BN,AP,Z,O,J,F,F,E,E,E,D,C,C,C,C
MW164690|15pool1564|culex_pipiens|IT|2015-08-17,NA,BO,AP,Z,O,J,F,F,E,E,E,D,C,C,C,C
MW164770|18VIR7808-6|ciconia_ciconia|IT|2018-09-07,NA,BO,AP,Z,O,J,F,F,E,E,E,D,C,C,C,C
MW164709|17pool1191|culex_pipiens|IT|2017-07-17,NA,BP,AQ,Z,O,J,F,F,E,E,E,D,C,C,C,C
MW164760|18pool1660|culex_pipiens|IT|2018-08-14,NA,BP,AQ,Z,O,J,F,F,E,E,E,D,C,C,C,C
MW164761|18pool1662|culex_pipiens|IT|2018-08-14,NA,BP,AQ,Z,O,J,F,F,E,E,E,D,C,C,C,C
OP734246|NA|culex_pipiens|IT|2022-07-29,NA,BP,AQ,Z,O,J,F,F,E,E,E,D,C,C,C,C
OR757492|17404213|culex_pipiens|IT|2023-07-24,NA,BR,AS,AB,Q,J,F,F,E,E,E,D,C,C,C,C
OR757494|17404220|turdus_merula|IT|2023-07-24,NA,BR,AS,AB,Q,J,F,F,E,E,E,D,C,C,C,C
OR921093|2023TE1639111|culex_pipiens|IT|2023-08-11,NA,BR,AS,AB,Q,J,F,F,E,E,E,D,C,C,C,C
ON032482|ITA2021_304421|larus_michahellis|IT|2021-09-08,NA,BS,AS,AB,Q,J,F,F,E,E,E,D,C,C,C,C
PP104383|TE2518012|culex_pipiens|IT|2023-08-02,NA,BS,AS,AB,Q,J,F,F,E,E,E,D,C,C,C,C
MW164707|16pool2571|culex_pipiens|IT|2016-09-14,NA,BW,AT,AC,Q,J,F,F,E,E,E,D,C,C,C,C
MW164724|17pool1709|culex_pipiens|IT|2017-08-17,NA,BW,AT,AC,Q,J,F,F,E,E,E,D,C,C,C,C
MW164676|14pool1478|culex_pipiens|IT|2014-09-02,NA,BY,AT,AC,Q,J,F,F,E,E,E,D,C,C,C,C
MW164741|18pool1263|culex_pipiens|IT|2018-07-19,NA,BY,AT,AC,Q,J,F,F,E,E,E,D,C,C,C,C
KX816647|208576-8/2011|culex_pipiens|IT|2011-08,NA,CA,AU,AD,R,J,F,F,E,E,E,D,C,C,C,C
KX816652|211204-7/2012|culex_pipiens|IT|2012-08,NA,CA,AU,AD,R,J,F,F,E,E,E,D,C,C,C,C
ON032479|ITA2010_12543|turdus_merula|IT|2010,NA,CB,AV,AE,S,J,F,F,E,E,E,D,C,C,C,C
MW164649|12pool2412|culex_pipiens|IT|2012-08-22,NA,CD,AX,AF,T,K,G,F,E,E,E,D,C,C,C,C
MW164656|12VIR6787-11|alauda_arvensis|IT|2012-09-03,NA,CD,AX,AF,T,K,G,F,E,E,E,D,C,C,C,C
MW164657|12VIR6787-9|alauda_arvensis|IT|2012-09-03,NA,CD,AX,AF,T,K,G,F,E,E,E,D,C,C,C,C
ON755222|Turdusmerula13_feather_3W2L_Day43|turdus_merula|NL|2016,NA,NA,E,D,C,C,C,C,C,C,C,B,B,B,B,B
OP007489|WBVR_bird-X-2016|strix_nebulosa|NL|2016-09-09,NA,NA,E,D,C,C,C,C,C,C,C,B,B,B,B,B
MN122160|AS201600110|turdus_merula|NL|2016-09-22,NA,NA,H,D,C,C,C,C,C,C,C,B,B,B,B,B
MN122216|AS201800081|turdus_merula|NL|2018-07-27,NA,NA,H,D,C,C,C,C,C,C,C,B,B,B,B,B
NA|AS20221780|turdus_merula|NL|2022-08-26,NA,NA,I,E,C,C,C,C,C,C,C,B,B,B,B,B
KY426754|NA|turdus_merula|DE|2015-09-09,NA,NA,K,F,C,C,C,C,C,C,C,B,B,B,B,B
NA|21TV5071|turdus_merula|NL|2022-07-29,NA,NA,L,G,C,C,C,C,C,C,C,B,B,B,B,B
NA|AS20221851|turdus_merula|NL|2022-09-03,NA,NA,L,G,C,C,C,C,C,C,C,B,B,B,B,B
MN122214|AS201700254|turdus_merula|NL|2017-09-22,NA,NA,M,H,D,C,C,C,C,C,C,B,B,B,B,B
MN122230|AS201800099|turdus_merula|NL|2018-08-07,NA,NA,M,H,D,C,C,C,C,C,C,B,B,B,B,B
NA|AS20221923|turdus_merula|NL|2022-09-04,NA,NA,M,H,D,C,C,C,C,C,C,B,B,B,B,B
MN122169|AS201600173|turdus_merula|NL|2016-10-07,NA,NA,N,H,D,C,C,C,C,C,C,B,B,B,B,B
MN122206|AS201700155|turdus_merula|NL|2017-08-10,NA,NA,N,H,D,C,C,C,C,C,C,B,B,B,B,B
NA|AS20200367|turdus_merula|NL|2020-08-16,NA,NA,N,H,D,C,C,C,C,C,C,B,B,B,B,B
NA|AS20221842|turdus_merula|NL|2022-09-04,NA,NA,N,H,D,C,C,C,C,C,C,B,B,B,B,B
NA|AS20221958|turdus_merula|NL|2022-09-25,NA,NA,N,H,D,C,C,C,C,C,C,B,B,B,B,B
ON755216|Turdusmerula14_feather_WLC_Day0|turdus_merula|NL|2016,NA,NA,O,H,D,C,C,C,C,C,C,B,B,B,B,B
MK419834|USU-BE-Scoter/2018|melanitta_nigra|BE|2018-08,NA,NA,T,J,E,D,C,C,C,C,C,B,B,B,B,B
KU573073|229615-1/2013|culex_pipiens|IT|2013,NA,NA,U,L,H,E,D,D,D,D,D,C,C,C,C,C
KX816646|200092/2010|turdus_merula|IT|2010-08,NA,NA,U,L,H,E,D,D,D,D,D,C,C,C,C,C
KX816653|206795-3/2012|culex_pipiens|IT|2012-09,NA,NA,U,L,H,E,D,D,D,D,D,C,C,C,C,C
KY128481|Snebulosa-7890/Fra/2016|strix_nebulosa|FR|2016-09-22,NA,NA,W,M,I,F,E,E,D,D,D,C,C,C,C,C
KY426760|NA|turdus_merula|DE|2016-09-29,NA,NA,W,M,I,F,E,E,D,D,D,C,C,C,C,C
KJ438746|NA|turdus_merula|DE|2011-09-27,NA,NA,Z,O,J,G,E,E,D,D,D,C,C,C,C,C
MK230892|Richelle/2017|turdus_merula|BE|2017-08,NA,NA,Z,O,J,G,E,E,D,D,D,C,C,C,C,C
KJ438736|NA|culex_sp|DE|2012-09-01,NA,NA,AA,O,J,G,E,E,D,D,D,C,C,C,C,C
MN122170|AS201600197|turdus_merula|NL|2016-10-11,NA,NA,AA,O,J,G,E,E,D,D,D,C,C,C,C,C
KJ438754|NA|turdus_merula|DE|2012-09-18,NA,NA,AC,P,J,G,E,E,D,D,D,C,C,C,C,C
KJ438773|NA|turdus_merula|DE|2011-09-29,NA,NA,AE,R,K,H,E,E,D,D,D,C,C,C,C,C
KJ438774|NA|turdus_merula|DE|2012-09-04,NA,NA,AE,R,K,H,E,E,D,D,D,C,C,C,C,C
KJ438768|NA|culex_sp|DE|2013-08-22,NA,NA,AG,S,K,H,E,E,D,D,D,C,C,C,C,C
KJ438775|NA|turdus_merula|DE|2011-09-16,NA,NA,AG,S,K,H,E,E,D,D,D,C,C,C,C,C
MN122190|AS201700080|turdus_merula|NL|2017-07-05,NA,NA,AG,S,K,H,E,E,D,D,D,C,C,C,C,C
MT133690|UV/BlackBird/Sweden/SVA190801SZ0368/VLT001567/2019|turdus_merula|SE|2019-08-01,NA,NA,AG,S,K,H,E,E,D,D,D,C,C,C,C,C
OR757497|1740425|culex_pipiens|IT|2023-07-16,NA,NA,AH,U,M,J,F,F,E,E,E,D,C,C,C,C
PV501210|406|culex_sp|HU|2024-08-24,NA,NA,AI,V,M,J,F,F,E,E,E,D,C,C,C,C
PV501212|416|culex_sp|HU|2024-07-31,NA,NA,AI,V,M,J,F,F,E,E,E,D,C,C,C,C
OP734255|NA|culex_pipiens|IT|2022-07-27,NA,NA,AL,X,N,J,F,F,E,E,E,D,C,C,C,C
MW164742|18pool1264|culex_pipiens|IT|2018-07-19,NA,NA,AM,Y,O,J,F,F,E,E,E,D,C,C,C,C
MW164765|18pool1832|culex_pipiens|IT|2018-08-28,NA,NA,AM,Y,O,J,F,F,E,E,E,D,C,C,C,C
KU573070|216606/2013|culex_pipiens|IT|2013,NA,NA,AR,AA,P,J,F,F,E,E,E,D,C,C,C,C
OR757493|17404216|culex_pipiens|IT|2023-07-15,NA,NA,AR,AA,P,J,F,F,E,E,E,D,C,C,C,C
MW164652|12pool2628|culex_pipiens|IT|2012-09-05,NA,NA,AT,AC,Q,J,F,F,E,E,E,D,C,C,C,C
JF266698|NA|turdus_merula|IT|2009,NA,NA,AX,AF,T,K,G,F,E,E,E,D,C,C,C,C
MW164637|11pool1989|culex_pipiens|IT|2011-08-23,NA,NA,AX,AF,T,K,G,F,E,E,E,D,C,C,C,C
MW164638|11pool2109|culex_pipiens|IT|2011-08-24,NA,NA,AX,AF,T,K,G,F,E,E,E,D,C,C,C,C
KX601692|USUV-Rhone2705/France/2015|turdus_merula|FR|2015-09-23,NA,NA,NA,B,B,B,B,B,B,B,B,A,A,A,A,A
KY426765|NA|turdus_merula|DE|2016-09-30,NA,NA,NA,H,D,C,C,C,C,C,C,B,B,B,B,B
MT863562|HauteVienne4997/France/2018|turdus_merula|FR|2018-07-24,NA,NA,NA,K,G,D,C,C,C,C,C,B,B,B,B,B
PP482815|AeDet2-batch3_Nansouty_2023-08-18|culex_sp|FR|2023-08-18,NA,NA,NA,K,G,D,C,C,C,C,C,B,B,B,B,B
KJ438748|NA|turdus_merula|DE|2012-07-23,NA,NA,NA,O,J,G,E,E,D,D,D,C,C,C,C,C
KJ438737|NA|culex_sp|DE|2011-08-21,NA,NA,NA,P,J,G,E,E,D,D,D,C,C,C,C,C
KJ438763|NA|turdus_merula|DE|2012-07-17,NA,NA,NA,P,J,G,E,E,D,D,D,C,C,C,C,C
KJ438765|NA|turdus_merula|DE|2011-09-15,NA,NA,NA,P,J,G,E,E,D,D,D,C,C,C,C,C
KU573072|221034-3/2013|culex_pipiens|IT|2013,NA,NA,NA,T,L,I,F,F,E,E,E,D,C,C,C,C
MN989418|Usutu/Goose/Italy/17917/2018|anatidae__duck_sp_|IT|2018-08-20,NA,NA,NA,T,L,I,F,F,E,E,E,D,C,C,C,C
MF063043|HU-47540/16|turdus_merula|HU|2016-09-26,NA,NA,NA,V,M,J,F,F,E,E,E,D,C,C,C,C
NA|USUV-GR1439/2024|homo_sapiens|EL|2024-09-16,NA,NA,NA,V,M,J,F,F,E,E,E,D,C,C,C,C
PV523802|9731|homo_sapiens|HU|2024-10-12,NA,NA,NA,V,M,J,F,F,E,E,E,D,C,C,C,C
PV541149|7096_2024|homo_sapiens|HU|2024-08-07,NA,NA,NA,V,M,J,F,F,E,E,E,D,C,C,C,C
NA|22VIR8404-2|turdus_merula|IT|2022-09-01,NA,NA,NA,W,M,J,F,F,E,E,E,D,C,C,C,C
PV501209|373|culex_sp|HU|2024-08-16,NA,NA,NA,W,M,J,F,F,E,E,E,D,C,C,C,C
MW164721|17pool1664|culex_pipiens|IT|2017-08-16,NA,NA,NA,X,N,J,F,F,E,E,E,D,C,C,C,C
MW164662|13pool5744|culex_pipiens|IT|2013-08-13,NA,NA,NA,Z,O,J,F,F,E,E,E,D,C,C,C,C
ON032477|ITA2018_17495|turdus_merula|IT|2018-08-17,NA,NA,NA,AA,P,J,F,F,E,E,E,D,C,C,C,C
MT784899|NA|turdus_merula|IT|2017,NA,NA,NA,AB,Q,J,F,F,E,E,E,D,C,C,C,C
OP734249|NA|culex_pipiens|IT|2022-08-01,NA,NA,NA,AB,Q,J,F,F,E,E,E,D,C,C,C,C
EF206350|Budapest|turdus_merula|HU|2005,NA,NA,NA,AG,U,L,H,G,F,E,E,D,C,C,C,C
MG888044|NA|culex_pipiens|RS|2014-08,NA,NA,NA,AG,U,L,H,G,F,E,E,D,C,C,C,C
MN122151|AS201600057|turdus_merula|NL|2016-09-08,NA,NA,NA,NA,D,C,C,C,C,C,C,B,B,B,B,B
OU674388|NA|turdus_merula|LU|2020-09,NA,NA,NA,NA,E,D,C,C,C,C,C,B,B,B,B,B
ON755212|Turdusmerula20_feather_WLC_Day43|turdus_merula|NL|2016,NA,NA,NA,NA,F,D,C,C,C,C,C,B,B,B,B,B
PQ677887|Ar2|alectoris_rufa|PT|2023-11-05,NA,NA,NA,NA,F,D,C,C,C,C,C,B,B,B,B,B
KX555629|NA|turdus_merula|IT|2015,NA,NA,NA,NA,H,E,D,D,D,D,D,C,C,C,C,C
KJ438705|NA|culex_pipiens|DE|2010-07-14,NA,NA,NA,NA,J,G,E,E,D,D,D,C,C,C,C,C
KJ438752|NA|turdus_merula|DE|2011-09-15,NA,NA,NA,NA,J,G,E,E,D,D,D,C,C,C,C,C
KJ438770|NA|turdus_merula|DE|2011-09-15,NA,NA,NA,NA,K,H,E,E,D,D,D,C,C,C,C,C
KY426751|NA|turdus_pilaris|DE|2015-09-01,NA,NA,NA,NA,K,H,E,E,D,D,D,C,C,C,C,C
MF063042|AT-N211/16|turdus_merula|AT|2016-09-29,NA,NA,NA,NA,M,J,F,F,E,E,E,D,C,C,C,C
MF991886|BD1/17-AT|homo_sapiens|AT|2017-07-24,NA,NA,NA,NA,M,J,F,F,E,E,E,D,C,C,C,C
ON813236|305920/2021|culex_pipiens|IT|2021,NA,NA,NA,NA,Q,J,F,F,E,E,E,D,C,C,C,C
KF573410|NA|culex_pipiens|ES|2006-08-22,NA,NA,NA,NA,NA,B,B,B,B,B,B,A,A,A,A,A
HM569263|NA|homo_sapiens|IT|2009-09-24,NA,NA,NA,NA,NA,J,F,F,E,E,E,D,C,C,C,C
PV207916|WNV0001|homo_sapiens|ES|2024-09-09,NA,NA,NA,NA,NA,NA,NA,NA,C,C,C,B,B,B,B,B
