accession,submitters,organisation,isolate,sequence_length,geo_location,country,host,collection_date
MT795154,"Luehken,R., Schmidt-Chanasit,J., Cadar,D.","Bernhard Nocht Institute for Tropical Medicine, Arbovirology",,11065,Goch,Germany,Turdus merula,30/9/2016
KY114797,"Cadar,D., Luhken,R., van der Jeugd,H., Garigliany,M., Ziegler,U., Keller,M., Lahoreau,J., Lachmann,L., Becker,N., Kik,M., Oude Munnink,B.B., Bosch,S., Tannich,E., Linden,A., Schmidt,V., Koopmans,M.P., Rijks,J., Desmecht,D., Groschup,M.H., Reusken,C., Schmidt-Chanasit,J., Bunzenthal,C.","Friedrich-Loeffler-Institut, Federal Research Institute for Animal Health, Institute of Novel and Emerging Infectious Diseases",,2508,Saarbrücken,Germany,Strix nebulosa,20/9/2016
KY114798,"Cadar,D., Luhken,R., van der Jeugd,H., Garigliany,M., Ziegler,U., Keller,M., Lahoreau,J., Lachmann,L., Becker,N., Kik,M., Oude Munnink,B.B., Bosch,S., Tannich,E., Linden,A., Schmidt,V., Koopmans,M.P., Rijks,J., Desmecht,D., Groschup,M.H., Reusken,C., Schmidt-Chanasit,J., Gerst,S.","Friedrich-Loeffler-Institut, Federal Research Institute for Animal Health, Institute of Novel and Emerging Infectious Diseases",,2434,Isselburg,Germany,Strix nebulosa,22/9/2016
KY113089,"Cadar,D., Luhken,R., van der Jeugd,H., Garigliany,M., Ziegler,U., Keller,M., Lahoreau,J., Lachmann,L., Becker,N., Kik,M., Oude Munnink,B.B., Bosch,S., Tannich,E., Linden,A., Schmidt,V., Koopmans,M.P., Rijks,J., Desmecht,D., Groschup,M.H., Reusken,C., Schmidt-Chanasit,J., Luehken,R.","Bernhard Nocht Institute for Tropical Medicine, Virology",BNI-472,265,Kerken,Germany,Turdus merula,19/9/2016
KY113090,"Cadar,D., Luhken,R., van der Jeugd,H., Garigliany,M., Ziegler,U., Keller,M., Lahoreau,J., Lachmann,L., Becker,N., Kik,M., Oude Munnink,B.B., Bosch,S., Tannich,E., Linden,A., Schmidt,V., Koopmans,M.P., Rijks,J., Desmecht,D., Groschup,M.H., Reusken,C., Schmidt-Chanasit,J., Luehken,R.","Bernhard Nocht Institute for Tropical Medicine, Virology",BNI-489,265,Kerken,Germany,Turdus merula,23/9/2016
KY113091,"Cadar,D., Luhken,R., van der Jeugd,H., Garigliany,M., Ziegler,U., Keller,M., Lahoreau,J., Lachmann,L., Becker,N., Kik,M., Oude Munnink,B.B., Bosch,S., Tannich,E., Linden,A., Schmidt,V., Koopmans,M.P., Rijks,J., Desmecht,D., Groschup,M.H., Reusken,C., Schmidt-Chanasit,J., Luehken,R.","Bernhard Nocht Institute for Tropical Medicine, Virology",BNI-490,265,Hattingen,Germany,Turdus merula,25/9/2016
KY113092,"Cadar,D., Luhken,R., van der Jeugd,H., Garigliany,M., Ziegler,U., Keller,M., Lahoreau,J., Lachmann,L., Becker,N., Kik,M., Oude Munnink,B.B., Bosch,S., Tannich,E., Linden,A., Schmidt,V., Koopmans,M.P., Rijks,J., Desmecht,D., Groschup,M.H., Reusken,C., Schmidt-Chanasit,J., Luehken,R.","Bernhard Nocht Institute for Tropical Medicine, Virology",BNI-491,265,Tönisvorst,Germany,Turdus merula,25/9/2016
KY113093,"Cadar,D., Luhken,R., van der Jeugd,H., Garigliany,M., Ziegler,U., Keller,M., Lahoreau,J., Lachmann,L., Becker,N., Kik,M., Oude Munnink,B.B., Bosch,S., Tannich,E., Linden,A., Schmidt,V., Koopmans,M.P., Rijks,J., Desmecht,D., Groschup,M.H., Reusken,C., Schmidt-Chanasit,J., Luehken,R.","Bernhard Nocht Institute for Tropical Medicine, Virology",BNI-492,265,Winden,Germany,Turdus merula,16/9/2016
KY113094,"Cadar,D., Luhken,R., van der Jeugd,H., Garigliany,M., Ziegler,U., Keller,M., Lahoreau,J., Lachmann,L., Becker,N., Kik,M., Oude Munnink,B.B., Bosch,S., Tannich,E., Linden,A., Schmidt,V., Koopmans,M.P., Rijks,J., Desmecht,D., Groschup,M.H., Reusken,C., Schmidt-Chanasit,J., Luehken,R.","Bernhard Nocht Institute for Tropical Medicine, Virology",BNI-493,265,Gaggenau,Germany,Turdus merula,26/9/2016
KY113095,"Cadar,D., Luhken,R., van der Jeugd,H., Garigliany,M., Ziegler,U., Keller,M., Lahoreau,J., Lachmann,L., Becker,N., Kik,M., Oude Munnink,B.B., Bosch,S., Tannich,E., Linden,A., Schmidt,V., Koopmans,M.P., Rijks,J., Desmecht,D., Groschup,M.H., Reusken,C., Schmidt-Chanasit,J., Luehken,R.","Bernhard Nocht Institute for Tropical Medicine, Virology",BNI-494,265,Leinfelden-Echterdingen,Germany,Turdus merula,29/9/2016
KY113096,"Cadar,D., Luhken,R., van der Jeugd,H., Garigliany,M., Ziegler,U., Keller,M., Lahoreau,J., Lachmann,L., Becker,N., Kik,M., Oude Munnink,B.B., Bosch,S., Tannich,E., Linden,A., Schmidt,V., Koopmans,M.P., Rijks,J., Desmecht,D., Groschup,M.H., Reusken,C., Schmidt-Chanasit,J., Luehken,R.","Bernhard Nocht Institute for Tropical Medicine, Virology",BNI-495,265,Rastatt,Germany,Turdus merula,25/9/2016
KY113097,"Cadar,D., Luhken,R., van der Jeugd,H., Garigliany,M., Ziegler,U., Keller,M., Lahoreau,J., Lachmann,L., Becker,N., Kik,M., Oude Munnink,B.B., Bosch,S., Tannich,E., Linden,A., Schmidt,V., Koopmans,M.P., Rijks,J., Desmecht,D., Groschup,M.H., Reusken,C., Schmidt-Chanasit,J., Luehken,R.","Bernhard Nocht Institute for Tropical Medicine, Virology",BNI-497,265,Brüggen Niederrhein,Germany,Turdus merula,26/9/2016
KY113098,"Cadar,D., Luhken,R., van der Jeugd,H., Garigliany,M., Ziegler,U., Keller,M., Lahoreau,J., Lachmann,L., Becker,N., Kik,M., Oude Munnink,B.B., Bosch,S., Tannich,E., Linden,A., Schmidt,V., Koopmans,M.P., Rijks,J., Desmecht,D., Groschup,M.H., Reusken,C., Schmidt-Chanasit,J., Luehken,R.","Bernhard Nocht Institute for Tropical Medicine, Virology",BNI-499,265,Berlin,Germany,Turdus merula,4/9/2016
KY113099,"Cadar,D., Luhken,R., van der Jeugd,H., Garigliany,M., Ziegler,U., Keller,M., Lahoreau,J., Lachmann,L., Becker,N., Kik,M., Oude Munnink,B.B., Bosch,S., Tannich,E., Linden,A., Schmidt,V., Koopmans,M.P., Rijks,J., Desmecht,D., Groschup,M.H., Reusken,C., Schmidt-Chanasit,J., Luehken,R.","Bernhard Nocht Institute for Tropical Medicine, Virology",BNI-500,265,Mühlhausen ,Germany,Turdus merula,26/9/2016
KY113100,"Cadar,D., Luhken,R., van der Jeugd,H., Garigliany,M., Ziegler,U., Keller,M., Lahoreau,J., Lachmann,L., Becker,N., Kik,M., Oude Munnink,B.B., Bosch,S., Tannich,E., Linden,A., Schmidt,V., Koopmans,M.P., Rijks,J., Desmecht,D., Groschup,M.H., Reusken,C., Schmidt-Chanasit,J., Luehken,R.","Bernhard Nocht Institute for Tropical Medicine, Virology",BNI-501,265,Frankfurt-Ginnheim,Germany,Turdus merula,24/9/2016
KY113101,"Cadar,D., Luhken,R., van der Jeugd,H., Garigliany,M., Ziegler,U., Keller,M., Lahoreau,J., Lachmann,L., Becker,N., Kik,M., Oude Munnink,B.B., Bosch,S., Tannich,E., Linden,A., Schmidt,V., Koopmans,M.P., Rijks,J., Desmecht,D., Groschup,M.H., Reusken,C., Schmidt-Chanasit,J., Luehken,R.","Bernhard Nocht Institute for Tropical Medicine, Virology",BNI-504,265,Krefeld,Germany,Turdus merula,4/10/2016
KY113102,"Cadar,D., Luhken,R., van der Jeugd,H., Garigliany,M., Ziegler,U., Keller,M., Lahoreau,J., Lachmann,L., Becker,N., Kik,M., Oude Munnink,B.B., Bosch,S., Tannich,E., Linden,A., Schmidt,V., Koopmans,M.P., Rijks,J., Desmecht,D., Groschup,M.H., Reusken,C., Schmidt-Chanasit,J., Luehken,R.","Bernhard Nocht Institute for Tropical Medicine, Virology",BNI-507,265,Goch,Germany,Turdus merula,30/9/2016
KY113103,"Cadar,D., Luhken,R., van der Jeugd,H., Garigliany,M., Ziegler,U., Keller,M., Lahoreau,J., Lachmann,L., Becker,N., Kik,M., Oude Munnink,B.B., Bosch,S., Tannich,E., Linden,A., Schmidt,V., Koopmans,M.P., Rijks,J., Desmecht,D., Groschup,M.H., Reusken,C., Schmidt-Chanasit,J., Luehken,R.","Bernhard Nocht Institute for Tropical Medicine, Virology",BNI-511,265,Essen,Germany,Turdus merula,29/9/2016
KY113104,"Cadar,D., Luhken,R., van der Jeugd,H., Garigliany,M., Ziegler,U., Keller,M., Lahoreau,J., Lachmann,L., Becker,N., Kik,M., Oude Munnink,B.B., Bosch,S., Tannich,E., Linden,A., Schmidt,V., Koopmans,M.P., Rijks,J., Desmecht,D., Groschup,M.H., Reusken,C., Schmidt-Chanasit,J., Luehken,R.","Bernhard Nocht Institute for Tropical Medicine, Virology",BNI-527,265,Herdecke,Germany,Turdus merula,9/10/2016
KY113105,"Cadar,D., Luhken,R., van der Jeugd,H., Garigliany,M., Ziegler,U., Keller,M., Lahoreau,J., Lachmann,L., Becker,N., Kik,M., Oude Munnink,B.B., Bosch,S., Tannich,E., Linden,A., Schmidt,V., Koopmans,M.P., Rijks,J., Desmecht,D., Groschup,M.H., Reusken,C., Schmidt-Chanasit,J., Luehken,R.","Bernhard Nocht Institute for Tropical Medicine, Virology",BNI-528,265,Mainz,Germany,Turdus merula,11/10/2016
KY113106,"Cadar,D., Luhken,R., van der Jeugd,H., Garigliany,M., Ziegler,U., Keller,M., Lahoreau,J., Lachmann,L., Becker,N., Kik,M., Oude Munnink,B.B., Bosch,S., Tannich,E., Linden,A., Schmidt,V., Koopmans,M.P., Rijks,J., Desmecht,D., Groschup,M.H., Reusken,C., Schmidt-Chanasit,J., Luehken,R.","Bernhard Nocht Institute for Tropical Medicine, Virology",BNI-540,265,Speyer,Germany,Turdus merula,23/9/2016
KY113107,"Cadar,D., Luhken,R., van der Jeugd,H., Garigliany,M., Ziegler,U., Keller,M., Lahoreau,J., Lachmann,L., Becker,N., Kik,M., Oude Munnink,B.B., Bosch,S., Tannich,E., Linden,A., Schmidt,V., Koopmans,M.P., Rijks,J., Desmecht,D., Groschup,M.H., Reusken,C., Schmidt-Chanasit,J., Luehken,R.","Bernhard Nocht Institute for Tropical Medicine, Virology",BNI-541,265,Speyer,Germany,Turdus merula,12/10/2016
KY426750,"Cadar,D., Luhken,R., van der Jeugd,H., Garigliany,M., Ziegler,U., Keller,M., Lahoreau,J., Lachmann,L., Becker,N., Kik,M., Oude Munnink,B.B., Bosch,S., Tannich,E., Linden,A., Schmidt,V., Koopmans,M.P., Rijks,J., Desmecht,D., Groschup,M.H., Reusken,C., Schmidt-Chanasit,J., Luehken,R.","Bernhard Nocht Institute for Tropical Medicine, Virology",,10962,Weinheim,Germany,Turdus merula,7/10/2015
KY426751,"Cadar,D., Luhken,R., van der Jeugd,H., Garigliany,M., Ziegler,U., Keller,M., Lahoreau,J., Lachmann,L., Becker,N., Kik,M., Oude Munnink,B.B., Bosch,S., Tannich,E., Linden,A., Schmidt,V., Koopmans,M.P., Rijks,J., Desmecht,D., Groschup,M.H., Reusken,C., Schmidt-Chanasit,J., Luehken,R.","Bernhard Nocht Institute for Tropical Medicine, Virology",,10954,Heppenheim,Germany,Turdus pilaris,1/9/2015
KY426752,"Cadar,D., Luhken,R., van der Jeugd,H., Garigliany,M., Ziegler,U., Keller,M., Lahoreau,J., Lachmann,L., Becker,N., Kik,M., Oude Munnink,B.B., Bosch,S., Tannich,E., Linden,A., Schmidt,V., Koopmans,M.P., Rijks,J., Desmecht,D., Groschup,M.H., Reusken,C., Schmidt-Chanasit,J., Luehken,R.","Bernhard Nocht Institute for Tropical Medicine, Virology",,10948,Frankfurt,Germany,Turdus merula,18/08/2015
KY426753,"Cadar,D., Luhken,R., van der Jeugd,H., Garigliany,M., Ziegler,U., Keller,M., Lahoreau,J., Lachmann,L., Becker,N., Kik,M., Oude Munnink,B.B., Bosch,S., Tannich,E., Linden,A., Schmidt,V., Koopmans,M.P., Rijks,J., Desmecht,D., Groschup,M.H., Reusken,C., Schmidt-Chanasit,J., Luehken,R.","Bernhard Nocht Institute for Tropical Medicine, Virology",,10951,Kaiserslautern,Germany,Turdus merula,18/08/2015
KY426754,"Cadar,D., Luhken,R., van der Jeugd,H., Garigliany,M., Ziegler,U., Keller,M., Lahoreau,J., Lachmann,L., Becker,N., Kik,M., Oude Munnink,B.B., Bosch,S., Tannich,E., Linden,A., Schmidt,V., Koopmans,M.P., Rijks,J., Desmecht,D., Groschup,M.H., Reusken,C., Schmidt-Chanasit,J., Luehken,R.","Bernhard Nocht Institute for Tropical Medicine, Virology",,10689,Pforzheim,Germany,Turdus merula,9/9/2015
KY426755,"Cadar,D., Luhken,R., van der Jeugd,H., Garigliany,M., Ziegler,U., Keller,M., Lahoreau,J., Lachmann,L., Becker,N., Kik,M., Oude Munnink,B.B., Bosch,S., Tannich,E., Linden,A., Schmidt,V., Koopmans,M.P., Rijks,J., Desmecht,D., Groschup,M.H., Reusken,C., Schmidt-Chanasit,J., Luehken,R.","Bernhard Nocht Institute for Tropical Medicine, Virology",,11009,Bonn,Germany,Turdus merula,19/09/2016
KY426756,"Cadar,D., Luhken,R., van der Jeugd,H., Garigliany,M., Ziegler,U., Keller,M., Lahoreau,J., Lachmann,L., Becker,N., Kik,M., Oude Munnink,B.B., Bosch,S., Tannich,E., Linden,A., Schmidt,V., Koopmans,M.P., Rijks,J., Desmecht,D., Groschup,M.H., Reusken,C., Schmidt-Chanasit,J., Luehken,R.","Bernhard Nocht Institute for Tropical Medicine, Virology",,11021,Aachen,Germany,Turdus merula,23/09/2016
KY426757,"Cadar,D., Luhken,R., van der Jeugd,H., Garigliany,M., Ziegler,U., Keller,M., Lahoreau,J., Lachmann,L., Becker,N., Kik,M., Oude Munnink,B.B., Bosch,S., Tannich,E., Linden,A., Schmidt,V., Koopmans,M.P., Rijks,J., Desmecht,D., Groschup,M.H., Reusken,C., Schmidt-Chanasit,J., Luehken,R.","Bernhard Nocht Institute for Tropical Medicine, Virology",,11115,Merzig,Germany,Turdus merula,23/09/2016
KY426758,"Cadar,D., Luhken,R., van der Jeugd,H., Garigliany,M., Ziegler,U., Keller,M., Lahoreau,J., Lachmann,L., Becker,N., Kik,M., Oude Munnink,B.B., Bosch,S., Tannich,E., Linden,A., Schmidt,V., Koopmans,M.P., Rijks,J., Desmecht,D., Groschup,M.H., Reusken,C., Schmidt-Chanasit,J., Luehken,R.","Bernhard Nocht Institute for Tropical Medicine, Virology",,10964,Rastatt,Germany,Turdus merula,25/09/2016
KY426759,"Cadar,D., Luhken,R., van der Jeugd,H., Garigliany,M., Ziegler,U., Keller,M., Lahoreau,J., Lachmann,L., Becker,N., Kik,M., Oude Munnink,B.B., Bosch,S., Tannich,E., Linden,A., Schmidt,V., Koopmans,M.P., Rijks,J., Desmecht,D., Groschup,M.H., Reusken,C., Schmidt-Chanasit,J., Luehken,R.","Bernhard Nocht Institute for Tropical Medicine, Virology",,11016,Leverkusen,Germany,Turdus merula,12/9/2016
KY426760,"Cadar,D., Luhken,R., van der Jeugd,H., Garigliany,M., Ziegler,U., Keller,M., Lahoreau,J., Lachmann,L., Becker,N., Kik,M., Oude Munnink,B.B., Bosch,S., Tannich,E., Linden,A., Schmidt,V., Koopmans,M.P., Rijks,J., Desmecht,D., Groschup,M.H., Reusken,C., Schmidt-Chanasit,J., Luehken,R.","Bernhard Nocht Institute for Tropical Medicine, Virology",,11019,Cochem,Germany,Turdus merula,29/09/2016
KY426761,"Cadar,D., Luhken,R., van der Jeugd,H., Garigliany,M., Ziegler,U., Keller,M., Lahoreau,J., Lachmann,L., Becker,N., Kik,M., Oude Munnink,B.B., Bosch,S., Tannich,E., Linden,A., Schmidt,V., Koopmans,M.P., Rijks,J., Desmecht,D., Groschup,M.H., Reusken,C., Schmidt-Chanasit,J., Luehken,R.","Bernhard Nocht Institute for Tropical Medicine, Virology",,10945,Heidelberg,Germany,Turdus merula,4/9/2016
KY426762,"Cadar,D., Luhken,R., van der Jeugd,H., Garigliany,M., Ziegler,U., Keller,M., Lahoreau,J., Lachmann,L., Becker,N., Kik,M., Oude Munnink,B.B., Bosch,S., Tannich,E., Linden,A., Schmidt,V., Koopmans,M.P., Rijks,J., Desmecht,D., Groschup,M.H., Reusken,C., Schmidt-Chanasit,J., Luehken,R.","Bernhard Nocht Institute for Tropical Medicine, Virology",,10883,Ettlingen,Germany,Turdus merula,26/09/2016
KY426763,"Cadar,D., Luhken,R., van der Jeugd,H., Garigliany,M., Ziegler,U., Keller,M., Lahoreau,J., Lachmann,L., Becker,N., Kik,M., Oude Munnink,B.B., Bosch,S., Tannich,E., Linden,A., Schmidt,V., Koopmans,M.P., Rijks,J., Desmecht,D., Groschup,M.H., Reusken,C., Schmidt-Chanasit,J., Luehken,R.","Bernhard Nocht Institute for Tropical Medicine, Virology",,10976,Darmstadt,Germany,Turdus merula,24/09/2016
KY426764,"Cadar,D., Luhken,R., van der Jeugd,H., Garigliany,M., Ziegler,U., Keller,M., Lahoreau,J., Lachmann,L., Becker,N., Kik,M., Oude Munnink,B.B., Bosch,S., Tannich,E., Linden,A., Schmidt,V., Koopmans,M.P., Rijks,J., Desmecht,D., Groschup,M.H., Reusken,C., Schmidt-Chanasit,J., Luehken,R.","Bernhard Nocht Institute for Tropical Medicine, Virology",,10978,Homburg,Germany,Turdus merula,4/10/2016
KY426765,"Cadar,D., Luhken,R., van der Jeugd,H., Garigliany,M., Ziegler,U., Keller,M., Lahoreau,J., Lachmann,L., Becker,N., Kik,M., Oude Munnink,B.B., Bosch,S., Tannich,E., Linden,A., Schmidt,V., Koopmans,M.P., Rijks,J., Desmecht,D., Groschup,M.H., Reusken,C., Schmidt-Chanasit,J., Luehken,R.","Bernhard Nocht Institute for Tropical Medicine, Virology",,10888,Siegen,Germany,Turdus merula,30/09/2016
KY426766,"Cadar,D., Luhken,R., van der Jeugd,H., Garigliany,M., Ziegler,U., Keller,M., Lahoreau,J., Lachmann,L., Becker,N., Kik,M., Oude Munnink,B.B., Bosch,S., Tannich,E., Linden,A., Schmidt,V., Koopmans,M.P., Rijks,J., Desmecht,D., Groschup,M.H., Reusken,C., Schmidt-Chanasit,J., Luehken,R.","Bernhard Nocht Institute for Tropical Medicine, Virology",,10990,Germersheim,Germany,Turdus merula,11/10/2016
KY426767,"Cadar,D., Luhken,R., van der Jeugd,H., Garigliany,M., Ziegler,U., Keller,M., Lahoreau,J., Lachmann,L., Becker,N., Kik,M., Oude Munnink,B.B., Bosch,S., Tannich,E., Linden,A., Schmidt,V., Koopmans,M.P., Rijks,J., Desmecht,D., Groschup,M.H., Reusken,C., Schmidt-Chanasit,J., Luehken,R.","Bernhard Nocht Institute for Tropical Medicine, Virology",,11042,Bruchsal,Germany,Turdus merula,14/10/2016
KY426768,"Cadar,D., Luhken,R., van der Jeugd,H., Garigliany,M., Ziegler,U., Keller,M., Lahoreau,J., Lachmann,L., Becker,N., Kik,M., Oude Munnink,B.B., Bosch,S., Tannich,E., Linden,A., Schmidt,V., Koopmans,M.P., Rijks,J., Desmecht,D., Groschup,M.H., Reusken,C., Schmidt-Chanasit,J., Luehken,R.","Bernhard Nocht Institute for Tropical Medicine, Virology",,11042,Montabaur,Germany,Turdus merula,12/10/2016
KY426769,"Cadar,D., Luhken,R., van der Jeugd,H., Garigliany,M., Ziegler,U., Keller,M., Lahoreau,J., Lachmann,L., Becker,N., Kik,M., Oude Munnink,B.B., Bosch,S., Tannich,E., Linden,A., Schmidt,V., Koopmans,M.P., Rijks,J., Desmecht,D., Groschup,M.H., Reusken,C., Schmidt-Chanasit,J., Luehken,R.","Bernhard Nocht Institute for Tropical Medicine, Virology",,11027,Koblenz,Germany,Turdus merula,20/09/2016
KY426770,"Cadar,D., Luhken,R., van der Jeugd,H., Garigliany,M., Ziegler,U., Keller,M., Lahoreau,J., Lachmann,L., Becker,N., Kik,M., Oude Munnink,B.B., Bosch,S., Tannich,E., Linden,A., Schmidt,V., Koopmans,M.P., Rijks,J., Desmecht,D., Groschup,M.H., Reusken,C., Schmidt-Chanasit,J., Luehken,R.","Bernhard Nocht Institute for Tropical Medicine, Virology",,10960,Birkenfeld,Germany,Turdus merula,20/09/2016
KJ438705,"Engel,D., Jost,H., Wink,M., Borstler,J., Bosch,S., Garigliany,M.M., Jost,A., Czajka,C., Luhken,R., Ziegler,U., Groschup,M.H., Pfeffer,M., Becker,N., Cadar,D., Schmidt-Chanasit,J., Joest,H., Joest,A.","Bernhard Nocht Institute for Tropical Medicine WHO Collaborating Centre for Arbovirus and Haemorrhagic Fever Reference and Rese, Division of Arbovirology",,11065,Weinheim,Germany,Culex pipiens pipiens,14/07/2010
KJ438706,"Engel,D., Jost,H., Wink,M., Borstler,J., Bosch,S., Garigliany,M.M., Jost,A., Czajka,C., Luhken,R., Ziegler,U., Groschup,M.H., Pfeffer,M., Becker,N., Cadar,D., Schmidt-Chanasit,J., Joest,H., Joest,A.","Bernhard Nocht Institute for Tropical Medicine WHO Collaborating Centre for Arbovirus and Haemorrhagic Fever Reference and Rese, Division of Arbovirology",,11065,Weinheim,Germany,Culex pipiens pipiens,5/7/2011
KJ438707,"Engel,D., Jost,H., Wink,M., Borstler,J., Bosch,S., Garigliany,M.M., Jost,A., Czajka,C., Luhken,R., Ziegler,U., Groschup,M.H., Pfeffer,M., Becker,N., Cadar,D., Schmidt-Chanasit,J., Joest,H., Joest,A.","Bernhard Nocht Institute for Tropical Medicine WHO Collaborating Centre for Arbovirus and Haemorrhagic Fever Reference and Rese, Division of Arbovirology",,11065,Heidelberg,Germany,Culex pipiens pipiens,7/7/2011
KJ438708,"Engel,D., Jost,H., Wink,M., Borstler,J., Bosch,S., Garigliany,M.M., Jost,A., Czajka,C., Luhken,R., Ziegler,U., Groschup,M.H., Pfeffer,M., Becker,N., Cadar,D., Schmidt-Chanasit,J., Joest,H., Joest,A.","Bernhard Nocht Institute for Tropical Medicine WHO Collaborating Centre for Arbovirus and Haemorrhagic Fever Reference and Rese, Division of Arbovirology",,11065,Heppenheim,Germany,Culex pipiens,8/8/2011
KJ438709,"Engel,D., Jost,H., Wink,M., Borstler,J., Bosch,S., Garigliany,M.M., Jost,A., Czajka,C., Luhken,R., Ziegler,U., Groschup,M.H., Pfeffer,M., Becker,N., Cadar,D., Schmidt-Chanasit,J., Joest,H., Joest,A.","Bernhard Nocht Institute for Tropical Medicine WHO Collaborating Centre for Arbovirus and Haemorrhagic Fever Reference and Rese, Division of Arbovirology",,11065,Weinheim,Germany,Culex pipiens pipiens,15/8/2012
KJ438710,"Engel,D., Jost,H., Wink,M., Borstler,J., Bosch,S., Garigliany,M.M., Jost,A., Czajka,C., Luhken,R., Ziegler,U., Groschup,M.H., Pfeffer,M., Becker,N., Cadar,D., Schmidt-Chanasit,J., Joest,H., Joest,A.","Bernhard Nocht Institute for Tropical Medicine WHO Collaborating Centre for Arbovirus and Haemorrhagic Fever Reference and Rese, Division of Arbovirology",,11065,Weinheim,Germany,Turdus merula,11/9/2011
KJ438711,"Engel,D., Jost,H., Wink,M., Borstler,J., Bosch,S., Garigliany,M.M., Jost,A., Czajka,C., Luhken,R., Ziegler,U., Groschup,M.H., Pfeffer,M., Becker,N., Cadar,D., Schmidt-Chanasit,J., Joest,H., Joest,A.","Bernhard Nocht Institute for Tropical Medicine WHO Collaborating Centre for Arbovirus and Haemorrhagic Fever Reference and Rese, Division of Arbovirology",,11065,Obrigheim,Germany,Turdus merula,15/9/2011
KJ438712,"Engel,D., Jost,H., Wink,M., Borstler,J., Bosch,S., Garigliany,M.M., Jost,A., Czajka,C., Luhken,R., Ziegler,U., Groschup,M.H., Pfeffer,M., Becker,N., Cadar,D., Schmidt-Chanasit,J., Joest,H., Joest,A.","Bernhard Nocht Institute for Tropical Medicine WHO Collaborating Centre for Arbovirus and Haemorrhagic Fever Reference and Rese, Division of Arbovirology",,11065,Landau,Germany,Turdus merula,19/9/2011
KJ438713,"Engel,D., Jost,H., Wink,M., Borstler,J., Bosch,S., Garigliany,M.M., Jost,A., Czajka,C., Luhken,R., Ziegler,U., Groschup,M.H., Pfeffer,M., Becker,N., Cadar,D., Schmidt-Chanasit,J., Joest,H., Joest,A.","Bernhard Nocht Institute for Tropical Medicine WHO Collaborating Centre for Arbovirus and Haemorrhagic Fever Reference and Rese, Division of Arbovirology",,11065,Heidelberg,Germany,Turdus merula,30/8/2011
KJ438714,"Engel,D., Jost,H., Wink,M., Borstler,J., Bosch,S., Garigliany,M.M., Jost,A., Czajka,C., Luhken,R., Ziegler,U., Groschup,M.H., Pfeffer,M., Becker,N., Cadar,D., Schmidt-Chanasit,J., Joest,H., Joest,A.","Bernhard Nocht Institute for Tropical Medicine WHO Collaborating Centre for Arbovirus and Haemorrhagic Fever Reference and Rese, Division of Arbovirology",,11065,Rödersheim-Gronau,Germany,Turdus merula,15/9/2011
KJ438715,"Engel,D., Jost,H., Wink,M., Borstler,J., Bosch,S., Garigliany,M.M., Jost,A., Czajka,C., Luhken,R., Ziegler,U., Groschup,M.H., Pfeffer,M., Becker,N., Cadar,D., Schmidt-Chanasit,J., Joest,H., Joest,A.","Bernhard Nocht Institute for Tropical Medicine WHO Collaborating Centre for Arbovirus and Haemorrhagic Fever Reference and Rese, Division of Arbovirology",,11065,Ludwigshafen-Oggersheim,Germany,Passer domesticus,19/9/2011
KJ438716,"Engel,D., Jost,H., Wink,M., Borstler,J., Bosch,S., Garigliany,M.M., Jost,A., Czajka,C., Luhken,R., Ziegler,U., Groschup,M.H., Pfeffer,M., Becker,N., Cadar,D., Schmidt-Chanasit,J., Joest,H., Joest,A.","Bernhard Nocht Institute for Tropical Medicine WHO Collaborating Centre for Arbovirus and Haemorrhagic Fever Reference and Rese, Division of Arbovirology",,11065,Mettenheim,Germany,Culex pipiens pipiens,9/7/2012
KJ438717,"Engel,D., Jost,H., Wink,M., Borstler,J., Bosch,S., Garigliany,M.M., Jost,A., Czajka,C., Luhken,R., Ziegler,U., Groschup,M.H., Pfeffer,M., Becker,N., Cadar,D., Schmidt-Chanasit,J., Joest,H., Joest,A.","Bernhard Nocht Institute for Tropical Medicine WHO Collaborating Centre for Arbovirus and Haemorrhagic Fever Reference and Rese, Division of Arbovirology",,11065,Bruchsal,Germany,Turdus merula,23/8/2012
KJ438718,"Engel,D., Jost,H., Wink,M., Borstler,J., Bosch,S., Garigliany,M.M., Jost,A., Czajka,C., Luhken,R., Ziegler,U., Groschup,M.H., Pfeffer,M., Becker,N., Cadar,D., Schmidt-Chanasit,J., Joest,H., Joest,A.","Bernhard Nocht Institute for Tropical Medicine WHO Collaborating Centre for Arbovirus and Haemorrhagic Fever Reference and Rese, Division of Arbovirology",,11065,Heidelberg,Germany,Cx. pipiens pipiens / torrentium,11/6/2011
KJ438719,"Engel,D., Jost,H., Wink,M., Borstler,J., Bosch,S., Garigliany,M.M., Jost,A., Czajka,C., Luhken,R., Ziegler,U., Groschup,M.H., Pfeffer,M., Becker,N., Cadar,D., Schmidt-Chanasit,J., Joest,H., Joest,A.","Bernhard Nocht Institute for Tropical Medicine WHO Collaborating Centre for Arbovirus and Haemorrhagic Fever Reference and Rese, Division of Arbovirology",,11065,Birkenau,Germany,Turdus merula,2/9/2011
KJ438720,"Engel,D., Jost,H., Wink,M., Borstler,J., Bosch,S., Garigliany,M.M., Jost,A., Czajka,C., Luhken,R., Ziegler,U., Groschup,M.H., Pfeffer,M., Becker,N., Cadar,D., Schmidt-Chanasit,J., Joest,H., Joest,A.","Bernhard Nocht Institute for Tropical Medicine WHO Collaborating Centre for Arbovirus and Haemorrhagic Fever Reference and Rese, Division of Arbovirology",,11065,Römerberg,Germany,Turdus merula,29/9/2011
KJ438721,"Engel,D., Jost,H., Wink,M., Borstler,J., Bosch,S., Garigliany,M.M., Jost,A., Czajka,C., Luhken,R., Ziegler,U., Groschup,M.H., Pfeffer,M., Becker,N., Cadar,D., Schmidt-Chanasit,J., Joest,H., Joest,A.","Bernhard Nocht Institute for Tropical Medicine WHO Collaborating Centre for Arbovirus and Haemorrhagic Fever Reference and Rese, Division of Arbovirology",,11065,Großsachsen,Germany,Culex,8/8/2011
KJ438722,"Engel,D., Jost,H., Wink,M., Borstler,J., Bosch,S., Garigliany,M.M., Jost,A., Czajka,C., Luhken,R., Ziegler,U., Groschup,M.H., Pfeffer,M., Becker,N., Cadar,D., Schmidt-Chanasit,J., Joest,H., Joest,A.","Bernhard Nocht Institute for Tropical Medicine WHO Collaborating Centre for Arbovirus and Haemorrhagic Fever Reference and Rese, Division of Arbovirology",,11065,Neustadt,Germany,Turdus merula,23/8/2012
KJ438723,"Engel,D., Jost,H., Wink,M., Borstler,J., Bosch,S., Garigliany,M.M., Jost,A., Czajka,C., Luhken,R., Ziegler,U., Groschup,M.H., Pfeffer,M., Becker,N., Cadar,D., Schmidt-Chanasit,J., Joest,H., Joest,A.","Bernhard Nocht Institute for Tropical Medicine WHO Collaborating Centre for Arbovirus and Haemorrhagic Fever Reference and Rese, Division of Arbovirology",,11065,Hockenheim,Germany,Turdus merula,11/9/2011
KJ438724,"Engel,D., Jost,H., Wink,M., Borstler,J., Bosch,S., Garigliany,M.M., Jost,A., Czajka,C., Luhken,R., Ziegler,U., Groschup,M.H., Pfeffer,M., Becker,N., Cadar,D., Schmidt-Chanasit,J., Joest,H., Joest,A.","Bernhard Nocht Institute for Tropical Medicine WHO Collaborating Centre for Arbovirus and Haemorrhagic Fever Reference and Rese, Division of Arbovirology",,11065,NW- Lachen,Germany,Turdus merula,19/9/2011
KJ438725,"Engel,D., Jost,H., Wink,M., Borstler,J., Bosch,S., Garigliany,M.M., Jost,A., Czajka,C., Luhken,R., Ziegler,U., Groschup,M.H., Pfeffer,M., Becker,N., Cadar,D., Schmidt-Chanasit,J., Joest,H., Joest,A.","Bernhard Nocht Institute for Tropical Medicine WHO Collaborating Centre for Arbovirus and Haemorrhagic Fever Reference and Rese, Division of Arbovirology",,11065,Germersheim,Germany,Turdus merula,14/9/2011
KJ438726,"Engel,D., Jost,H., Wink,M., Borstler,J., Bosch,S., Garigliany,M.M., Jost,A., Czajka,C., Luhken,R., Ziegler,U., Groschup,M.H., Pfeffer,M., Becker,N., Cadar,D., Schmidt-Chanasit,J., Joest,H., Joest,A.","Bernhard Nocht Institute for Tropical Medicine WHO Collaborating Centre for Arbovirus and Haemorrhagic Fever Reference and Rese, Division of Arbovirology",,11065,Dudenhofen,Germany,Turdus merula,15/9/2011
KJ438727,"Engel,D., Jost,H., Wink,M., Borstler,J., Bosch,S., Garigliany,M.M., Jost,A., Czajka,C., Luhken,R., Ziegler,U., Groschup,M.H., Pfeffer,M., Becker,N., Cadar,D., Schmidt-Chanasit,J., Joest,H., Joest,A.","Bernhard Nocht Institute for Tropical Medicine WHO Collaborating Centre for Arbovirus and Haemorrhagic Fever Reference and Rese, Division of Arbovirology",,11065,Germersheim,Germany,Turdus merula,21/9/2011
KJ438728,"Engel,D., Jost,H., Wink,M., Borstler,J., Bosch,S., Garigliany,M.M., Jost,A., Czajka,C., Luhken,R., Ziegler,U., Groschup,M.H., Pfeffer,M., Becker,N., Cadar,D., Schmidt-Chanasit,J., Joest,H., Joest,A.","Bernhard Nocht Institute for Tropical Medicine WHO Collaborating Centre for Arbovirus and Haemorrhagic Fever Reference and Rese, Division of Arbovirology",,11065,Neustadt an der Weinstrasse,Germany,Turdus merula,26/9/2011
KJ438729,"Engel,D., Jost,H., Wink,M., Borstler,J., Bosch,S., Garigliany,M.M., Jost,A., Czajka,C., Luhken,R., Ziegler,U., Groschup,M.H., Pfeffer,M., Becker,N., Cadar,D., Schmidt-Chanasit,J., Joest,H., Joest,A.","Bernhard Nocht Institute for Tropical Medicine WHO Collaborating Centre for Arbovirus and Haemorrhagic Fever Reference and Rese, Division of Arbovirology",,11065,Neustadt,Germany,Turdus merula,18/7/2012
KJ438730,"Engel,D., Jost,H., Wink,M., Borstler,J., Bosch,S., Garigliany,M.M., Jost,A., Czajka,C., Luhken,R., Ziegler,U., Groschup,M.H., Pfeffer,M., Becker,N., Cadar,D., Schmidt-Chanasit,J., Joest,H., Joest,A.","Bernhard Nocht Institute for Tropical Medicine WHO Collaborating Centre for Arbovirus and Haemorrhagic Fever Reference and Rese, Division of Arbovirology",,11065,Neustadt,Germany,Turdus merula,14/9/2011
KJ438731,"Engel,D., Jost,H., Wink,M., Borstler,J., Bosch,S., Garigliany,M.M., Jost,A., Czajka,C., Luhken,R., Ziegler,U., Groschup,M.H., Pfeffer,M., Becker,N., Cadar,D., Schmidt-Chanasit,J., Joest,H., Joest,A.","Bernhard Nocht Institute for Tropical Medicine WHO Collaborating Centre for Arbovirus and Haemorrhagic Fever Reference and Rese, Division of Arbovirology",,11065,Hanhofen,Germany,Turdus merula,15/9/2011
KJ438732,"Engel,D., Jost,H., Wink,M., Borstler,J., Bosch,S., Garigliany,M.M., Jost,A., Czajka,C., Luhken,R., Ziegler,U., Groschup,M.H., Pfeffer,M., Becker,N., Cadar,D., Schmidt-Chanasit,J., Joest,H., Joest,A.","Bernhard Nocht Institute for Tropical Medicine WHO Collaborating Centre for Arbovirus and Haemorrhagic Fever Reference and Rese, Division of Arbovirology",,11065,Sandhausen ,Germany,Turdus merula,15/9/2011
KJ438733,"Engel,D., Jost,H., Wink,M., Borstler,J., Bosch,S., Garigliany,M.M., Jost,A., Czajka,C., Luhken,R., Ziegler,U., Groschup,M.H., Pfeffer,M., Becker,N., Cadar,D., Schmidt-Chanasit,J., Joest,H., Joest,A.","Bernhard Nocht Institute for Tropical Medicine WHO Collaborating Centre for Arbovirus and Haemorrhagic Fever Reference and Rese, Division of Arbovirology",,11065,Speyer,Germany,Turdus merula,13/9/2012
KJ438734,"Engel,D., Jost,H., Wink,M., Borstler,J., Bosch,S., Garigliany,M.M., Jost,A., Czajka,C., Luhken,R., Ziegler,U., Groschup,M.H., Pfeffer,M., Becker,N., Cadar,D., Schmidt-Chanasit,J., Joest,H., Joest,A.","Bernhard Nocht Institute for Tropical Medicine WHO Collaborating Centre for Arbovirus and Haemorrhagic Fever Reference and Rese, Division of Arbovirology",,11065,Speyer,Germany,Sturnus vulgaris,29/9/2011
KJ438735,"Engel,D., Jost,H., Wink,M., Borstler,J., Bosch,S., Garigliany,M.M., Jost,A., Czajka,C., Luhken,R., Ziegler,U., Groschup,M.H., Pfeffer,M., Becker,N., Cadar,D., Schmidt-Chanasit,J., Joest,H., Joest,A.","Bernhard Nocht Institute for Tropical Medicine WHO Collaborating Centre for Arbovirus and Haemorrhagic Fever Reference and Rese, Division of Arbovirology",,11065,Hockenheim,Germany,Turdus merula,24/7/2012
KJ438736,"Engel,D., Jost,H., Wink,M., Borstler,J., Bosch,S., Garigliany,M.M., Jost,A., Czajka,C., Luhken,R., Ziegler,U., Groschup,M.H., Pfeffer,M., Becker,N., Cadar,D., Schmidt-Chanasit,J., Joest,H., Joest,A.","Bernhard Nocht Institute for Tropical Medicine WHO Collaborating Centre for Arbovirus and Haemorrhagic Fever Reference and Rese, Division of Arbovirology",,11065,Römerberg,Germany,Culex,1/9/2012
KJ438737,"Engel,D., Jost,H., Wink,M., Borstler,J., Bosch,S., Garigliany,M.M., Jost,A., Czajka,C., Luhken,R., Ziegler,U., Groschup,M.H., Pfeffer,M., Becker,N., Cadar,D., Schmidt-Chanasit,J., Joest,H., Joest,A.","Bernhard Nocht Institute for Tropical Medicine WHO Collaborating Centre for Arbovirus and Haemorrhagic Fever Reference and Rese, Division of Arbovirology",,11065,Schwetzingen,Germany,Culex torrentium,21/8/2011
KJ438738,"Engel,D., Jost,H., Wink,M., Borstler,J., Bosch,S., Garigliany,M.M., Jost,A., Czajka,C., Luhken,R., Ziegler,U., Groschup,M.H., Pfeffer,M., Becker,N., Cadar,D., Schmidt-Chanasit,J., Joest,H., Joest,A.","Bernhard Nocht Institute for Tropical Medicine WHO Collaborating Centre for Arbovirus and Haemorrhagic Fever Reference and Rese, Division of Arbovirology",,11065,Bammental ,Germany,Turdus merula,16/9/2011
KJ438739,"Engel,D., Jost,H., Wink,M., Borstler,J., Bosch,S., Garigliany,M.M., Jost,A., Czajka,C., Luhken,R., Ziegler,U., Groschup,M.H., Pfeffer,M., Becker,N., Cadar,D., Schmidt-Chanasit,J., Joest,H., Joest,A.","Bernhard Nocht Institute for Tropical Medicine WHO Collaborating Centre for Arbovirus and Haemorrhagic Fever Reference and Rese, Division of Arbovirology",,11065,Zwingenberg,Germany,Turdus merula,10/9/2013
KJ438740,"Engel,D., Jost,H., Wink,M., Borstler,J., Bosch,S., Garigliany,M.M., Jost,A., Czajka,C., Luhken,R., Ziegler,U., Groschup,M.H., Pfeffer,M., Becker,N., Cadar,D., Schmidt-Chanasit,J., Joest,H., Joest,A.","Bernhard Nocht Institute for Tropical Medicine WHO Collaborating Centre for Arbovirus and Haemorrhagic Fever Reference and Rese, Division of Arbovirology",,11065,Heidelberg,Germany,Turdus merula,16/9/2011
KJ438741,"Engel,D., Jost,H., Wink,M., Borstler,J., Bosch,S., Garigliany,M.M., Jost,A., Czajka,C., Luhken,R., Ziegler,U., Groschup,M.H., Pfeffer,M., Becker,N., Cadar,D., Schmidt-Chanasit,J., Joest,H., Joest,A.","Bernhard Nocht Institute for Tropical Medicine WHO Collaborating Centre for Arbovirus and Haemorrhagic Fever Reference and Rese, Division of Arbovirology",,11065,Schwetzingen,Germany,Turdus merula,26/8/2013
KJ438742,"Engel,D., Jost,H., Wink,M., Borstler,J., Bosch,S., Garigliany,M.M., Jost,A., Czajka,C., Luhken,R., Ziegler,U., Groschup,M.H., Pfeffer,M., Becker,N., Cadar,D., Schmidt-Chanasit,J., Joest,H., Joest,A.","Bernhard Nocht Institute for Tropical Medicine WHO Collaborating Centre for Arbovirus and Haemorrhagic Fever Reference and Rese, Division of Arbovirology",,11065,Frankfurt,Germany,Turdus merula,23/9/2013
KJ438743,"Engel,D., Jost,H., Wink,M., Borstler,J., Bosch,S., Garigliany,M.M., Jost,A., Czajka,C., Luhken,R., Ziegler,U., Groschup,M.H., Pfeffer,M., Becker,N., Cadar,D., Schmidt-Chanasit,J., Joest,H., Joest,A.","Bernhard Nocht Institute for Tropical Medicine WHO Collaborating Centre for Arbovirus and Haemorrhagic Fever Reference and Rese, Division of Arbovirology",,11065,Germersheim,Germany,Turdus merula,13/9/2011
KJ438744,"Engel,D., Jost,H., Wink,M., Borstler,J., Bosch,S., Garigliany,M.M., Jost,A., Czajka,C., Luhken,R., Ziegler,U., Groschup,M.H., Pfeffer,M., Becker,N., Cadar,D., Schmidt-Chanasit,J., Joest,H., Joest,A.","Bernhard Nocht Institute for Tropical Medicine WHO Collaborating Centre for Arbovirus and Haemorrhagic Fever Reference and Rese, Division of Arbovirology",,11065,Edenkoben,Germany,Turdus merula,23/6/2012
KJ438745,"Engel,D., Jost,H., Wink,M., Borstler,J., Bosch,S., Garigliany,M.M., Jost,A., Czajka,C., Luhken,R., Ziegler,U., Groschup,M.H., Pfeffer,M., Becker,N., Cadar,D., Schmidt-Chanasit,J., Joest,H., Joest,A.","Bernhard Nocht Institute for Tropical Medicine WHO Collaborating Centre for Arbovirus and Haemorrhagic Fever Reference and Rese, Division of Arbovirology",,11065,Neustadt an der Weinstrasse,Germany,Turdus merula,16/9/2011
KJ438746,"Engel,D., Jost,H., Wink,M., Borstler,J., Bosch,S., Garigliany,M.M., Jost,A., Czajka,C., Luhken,R., Ziegler,U., Groschup,M.H., Pfeffer,M., Becker,N., Cadar,D., Schmidt-Chanasit,J., Joest,H., Joest,A.","Bernhard Nocht Institute for Tropical Medicine WHO Collaborating Centre for Arbovirus and Haemorrhagic Fever Reference and Rese, Division of Arbovirology",,11065,Wiesloch,Germany,Turdus merula,27/9/2011
KJ438747,"Engel,D., Jost,H., Wink,M., Borstler,J., Bosch,S., Garigliany,M.M., Jost,A., Czajka,C., Luhken,R., Ziegler,U., Groschup,M.H., Pfeffer,M., Becker,N., Cadar,D., Schmidt-Chanasit,J., Joest,H., Joest,A.","Bernhard Nocht Institute for Tropical Medicine WHO Collaborating Centre for Arbovirus and Haemorrhagic Fever Reference and Rese, Division of Arbovirology",,11065,Wiesloch,Germany,Turdus merula,17/7/2012
KJ438748,"Engel,D., Jost,H., Wink,M., Borstler,J., Bosch,S., Garigliany,M.M., Jost,A., Czajka,C., Luhken,R., Ziegler,U., Groschup,M.H., Pfeffer,M., Becker,N., Cadar,D., Schmidt-Chanasit,J., Joest,H., Joest,A.","Bernhard Nocht Institute for Tropical Medicine WHO Collaborating Centre for Arbovirus and Haemorrhagic Fever Reference and Rese, Division of Arbovirology",,11065,Weinheim,Germany,Turdus merula,23/7/2012
KJ438749,"Engel,D., Jost,H., Wink,M., Borstler,J., Bosch,S., Garigliany,M.M., Jost,A., Czajka,C., Luhken,R., Ziegler,U., Groschup,M.H., Pfeffer,M., Becker,N., Cadar,D., Schmidt-Chanasit,J., Joest,H., Joest,A.","Bernhard Nocht Institute for Tropical Medicine WHO Collaborating Centre for Arbovirus and Haemorrhagic Fever Reference and Rese, Division of Arbovirology",,11065,Ellerstadt,Germany,Turdus merula,18/7/2012
KJ438750,"Engel,D., Jost,H., Wink,M., Borstler,J., Bosch,S., Garigliany,M.M., Jost,A., Czajka,C., Luhken,R., Ziegler,U., Groschup,M.H., Pfeffer,M., Becker,N., Cadar,D., Schmidt-Chanasit,J., Joest,H., Joest,A.","Bernhard Nocht Institute for Tropical Medicine WHO Collaborating Centre for Arbovirus and Haemorrhagic Fever Reference and Rese, Division of Arbovirology",,11065,Neustadt a.d.Weinstraße,Germany,Turdus merula,14/9/2011
KJ438751,"Engel,D., Jost,H., Wink,M., Borstler,J., Bosch,S., Garigliany,M.M., Jost,A., Czajka,C., Luhken,R., Ziegler,U., Groschup,M.H., Pfeffer,M., Becker,N., Cadar,D., Schmidt-Chanasit,J., Joest,H., Joest,A.","Bernhard Nocht Institute for Tropical Medicine WHO Collaborating Centre for Arbovirus and Haemorrhagic Fever Reference and Rese, Division of Arbovirology",,11065,Edenkoben,Germany,Turdus merula,15/9/2011
KJ438752,"Engel,D., Jost,H., Wink,M., Borstler,J., Bosch,S., Garigliany,M.M., Jost,A., Czajka,C., Luhken,R., Ziegler,U., Groschup,M.H., Pfeffer,M., Becker,N., Cadar,D., Schmidt-Chanasit,J., Joest,H., Joest,A.","Bernhard Nocht Institute for Tropical Medicine WHO Collaborating Centre for Arbovirus and Haemorrhagic Fever Reference and Rese, Division of Arbovirology",,11065,Nußloch,Germany,Turdus merula,15/9/2011
KJ438753,"Engel,D., Jost,H., Wink,M., Borstler,J., Bosch,S., Garigliany,M.M., Jost,A., Czajka,C., Luhken,R., Ziegler,U., Groschup,M.H., Pfeffer,M., Becker,N., Cadar,D., Schmidt-Chanasit,J., Joest,H., Joest,A.","Bernhard Nocht Institute for Tropical Medicine WHO Collaborating Centre for Arbovirus and Haemorrhagic Fever Reference and Rese, Division of Arbovirology",,11065,Speyer,Germany,Turdus merula,16/9/2011
KJ438754,"Engel,D., Jost,H., Wink,M., Borstler,J., Bosch,S., Garigliany,M.M., Jost,A., Czajka,C., Luhken,R., Ziegler,U., Groschup,M.H., Pfeffer,M., Becker,N., Cadar,D., Schmidt-Chanasit,J., Joest,H., Joest,A.","Bernhard Nocht Institute for Tropical Medicine WHO Collaborating Centre for Arbovirus and Haemorrhagic Fever Reference and Rese, Division of Arbovirology",,11065,Bad Friedrichshell,Germany,Turdus merula,18/9/2012
KJ438755,"Engel,D., Jost,H., Wink,M., Borstler,J., Bosch,S., Garigliany,M.M., Jost,A., Czajka,C., Luhken,R., Ziegler,U., Groschup,M.H., Pfeffer,M., Becker,N., Cadar,D., Schmidt-Chanasit,J., Joest,H., Joest,A.","Bernhard Nocht Institute for Tropical Medicine WHO Collaborating Centre for Arbovirus and Haemorrhagic Fever Reference and Rese, Division of Arbovirology",,11065,NW-Geinsheim,Germany,Turdus philomelos,15/9/2011
KJ438756,"Engel,D., Jost,H., Wink,M., Borstler,J., Bosch,S., Garigliany,M.M., Jost,A., Czajka,C., Luhken,R., Ziegler,U., Groschup,M.H., Pfeffer,M., Becker,N., Cadar,D., Schmidt-Chanasit,J., Joest,H., Joest,A.","Bernhard Nocht Institute for Tropical Medicine WHO Collaborating Centre for Arbovirus and Haemorrhagic Fever Reference and Rese, Division of Arbovirology",,11065,Bruchsal-Obergrombach,Germany,Turdus merula,26/9/2011
KJ438757,"Engel,D., Jost,H., Wink,M., Borstler,J., Bosch,S., Garigliany,M.M., Jost,A., Czajka,C., Luhken,R., Ziegler,U., Groschup,M.H., Pfeffer,M., Becker,N., Cadar,D., Schmidt-Chanasit,J., Joest,H., Joest,A.","Bernhard Nocht Institute for Tropical Medicine WHO Collaborating Centre for Arbovirus and Haemorrhagic Fever Reference and Rese, Division of Arbovirology",,11065,Heidelberg,Germany,Turdus merula,26/8/2013
KJ438758,"Engel,D., Jost,H., Wink,M., Borstler,J., Bosch,S., Garigliany,M.M., Jost,A., Czajka,C., Luhken,R., Ziegler,U., Groschup,M.H., Pfeffer,M., Becker,N., Cadar,D., Schmidt-Chanasit,J., Joest,H., Joest,A.","Bernhard Nocht Institute for Tropical Medicine WHO Collaborating Centre for Arbovirus and Haemorrhagic Fever Reference and Rese, Division of Arbovirology",,11065,Speyer,Germany,Turdus merula,13/8/2013
KJ438759,"Engel,D., Jost,H., Wink,M., Borstler,J., Bosch,S., Garigliany,M.M., Jost,A., Czajka,C., Luhken,R., Ziegler,U., Groschup,M.H., Pfeffer,M., Becker,N., Cadar,D., Schmidt-Chanasit,J., Joest,H., Joest,A.","Bernhard Nocht Institute for Tropical Medicine WHO Collaborating Centre for Arbovirus and Haemorrhagic Fever Reference and Rese, Division of Arbovirology",,11065,Hattersheim,Germany,Turdus merula,28/9/2011
KJ438760,"Engel,D., Jost,H., Wink,M., Borstler,J., Bosch,S., Garigliany,M.M., Jost,A., Czajka,C., Luhken,R., Ziegler,U., Groschup,M.H., Pfeffer,M., Becker,N., Cadar,D., Schmidt-Chanasit,J., Joest,H., Joest,A.","Bernhard Nocht Institute for Tropical Medicine WHO Collaborating Centre for Arbovirus and Haemorrhagic Fever Reference and Rese, Division of Arbovirology",,11032,Speyer,Germany,Turdus merula,16/9/2011
KJ438761,"Engel,D., Jost,H., Wink,M., Borstler,J., Bosch,S., Garigliany,M.M., Jost,A., Czajka,C., Luhken,R., Ziegler,U., Groschup,M.H., Pfeffer,M., Becker,N., Cadar,D., Schmidt-Chanasit,J., Joest,H., Joest,A.","Bernhard Nocht Institute for Tropical Medicine WHO Collaborating Centre for Arbovirus and Haemorrhagic Fever Reference and Rese, Division of Arbovirology",,11065,Meckesheim,Germany,Turdus merula,15/9/2011
KJ438762,"Engel,D., Jost,H., Wink,M., Borstler,J., Bosch,S., Garigliany,M.M., Jost,A., Czajka,C., Luhken,R., Ziegler,U., Groschup,M.H., Pfeffer,M., Becker,N., Cadar,D., Schmidt-Chanasit,J., Joest,H., Joest,A.","Bernhard Nocht Institute for Tropical Medicine WHO Collaborating Centre for Arbovirus and Haemorrhagic Fever Reference and Rese, Division of Arbovirology",,11065,Herxheim ,Germany,Turdus merula,18/9/2011
KJ438763,"Engel,D., Jost,H., Wink,M., Borstler,J., Bosch,S., Garigliany,M.M., Jost,A., Czajka,C., Luhken,R., Ziegler,U., Groschup,M.H., Pfeffer,M., Becker,N., Cadar,D., Schmidt-Chanasit,J., Joest,H., Joest,A.","Bernhard Nocht Institute for Tropical Medicine WHO Collaborating Centre for Arbovirus and Haemorrhagic Fever Reference and Rese, Division of Arbovirology",,11065,Königsbach-Neustadt,Germany,Turdus merula,17/7/2012
KJ438764,"Engel,D., Jost,H., Wink,M., Borstler,J., Bosch,S., Garigliany,M.M., Jost,A., Czajka,C., Luhken,R., Ziegler,U., Groschup,M.H., Pfeffer,M., Becker,N., Cadar,D., Schmidt-Chanasit,J., Joest,H., Joest,A.","Bernhard Nocht Institute for Tropical Medicine WHO Collaborating Centre for Arbovirus and Haemorrhagic Fever Reference and Rese, Division of Arbovirology",,11046,Königsbach-Neustadt,Germany,Turdus merula,17/7/2012
KJ438765,"Engel,D., Jost,H., Wink,M., Borstler,J., Bosch,S., Garigliany,M.M., Jost,A., Czajka,C., Luhken,R., Ziegler,U., Groschup,M.H., Pfeffer,M., Becker,N., Cadar,D., Schmidt-Chanasit,J., Joest,H., Joest,A.","Bernhard Nocht Institute for Tropical Medicine WHO Collaborating Centre for Arbovirus and Haemorrhagic Fever Reference and Rese, Division of Arbovirology",,11049,Neustadt an der Weinstrasse,Germany,Turdus merula,15/9/2011
KJ438766,"Engel,D., Jost,H., Wink,M., Borstler,J., Bosch,S., Garigliany,M.M., Jost,A., Czajka,C., Luhken,R., Ziegler,U., Groschup,M.H., Pfeffer,M., Becker,N., Cadar,D., Schmidt-Chanasit,J., Joest,H., Joest,A.","Bernhard Nocht Institute for Tropical Medicine WHO Collaborating Centre for Arbovirus and Haemorrhagic Fever Reference and Rese, Division of Arbovirology",,11066,Neustadt an der Weinstrasse,Germany,Turdus merula,19/9/2012
KJ438767,"Engel,D., Jost,H., Wink,M., Borstler,J., Bosch,S., Garigliany,M.M., Jost,A., Czajka,C., Luhken,R., Ziegler,U., Groschup,M.H., Pfeffer,M., Becker,N., Cadar,D., Schmidt-Chanasit,J., Joest,H., Joest,A.","Bernhard Nocht Institute for Tropical Medicine WHO Collaborating Centre for Arbovirus and Haemorrhagic Fever Reference and Rese, Division of Arbovirology",,11065,Großsachsen,Germany,Culex,8/9/2011
KJ438768,"Engel,D., Jost,H., Wink,M., Borstler,J., Bosch,S., Garigliany,M.M., Jost,A., Czajka,C., Luhken,R., Ziegler,U., Groschup,M.H., Pfeffer,M., Becker,N., Cadar,D., Schmidt-Chanasit,J., Joest,H., Joest,A.","Bernhard Nocht Institute for Tropical Medicine WHO Collaborating Centre for Arbovirus and Haemorrhagic Fever Reference and Rese, Division of Arbovirology",,11065,Heidelberg,Germany,Culex,22/8/2013
KJ438769,"Engel,D., Jost,H., Wink,M., Borstler,J., Bosch,S., Garigliany,M.M., Jost,A., Czajka,C., Luhken,R., Ziegler,U., Groschup,M.H., Pfeffer,M., Becker,N., Cadar,D., Schmidt-Chanasit,J., Joest,H., Joest,A.","Bernhard Nocht Institute for Tropical Medicine WHO Collaborating Centre for Arbovirus and Haemorrhagic Fever Reference and Rese, Division of Arbovirology",,11065,Weisenheim/Sand,Germany,Turdus merula,15/9/2011
KJ438770,"Engel,D., Jost,H., Wink,M., Borstler,J., Bosch,S., Garigliany,M.M., Jost,A., Czajka,C., Luhken,R., Ziegler,U., Groschup,M.H., Pfeffer,M., Becker,N., Cadar,D., Schmidt-Chanasit,J., Joest,H., Joest,A.","Bernhard Nocht Institute for Tropical Medicine WHO Collaborating Centre for Arbovirus and Haemorrhagic Fever Reference and Rese, Division of Arbovirology",,11065,Schwegenheim,Germany,Turdus merula,15/9/2011
KJ438771,"Engel,D., Jost,H., Wink,M., Borstler,J., Bosch,S., Garigliany,M.M., Jost,A., Czajka,C., Luhken,R., Ziegler,U., Groschup,M.H., Pfeffer,M., Becker,N., Cadar,D., Schmidt-Chanasit,J., Joest,H., Joest,A.","Bernhard Nocht Institute for Tropical Medicine WHO Collaborating Centre for Arbovirus and Haemorrhagic Fever Reference and Rese, Division of Arbovirology",,11065,Bobenheim,Germany,Turdus merula,5/5/2013
KJ438772,"Engel,D., Jost,H., Wink,M., Borstler,J., Bosch,S., Garigliany,M.M., Jost,A., Czajka,C., Luhken,R., Ziegler,U., Groschup,M.H., Pfeffer,M., Becker,N., Cadar,D., Schmidt-Chanasit,J., Joest,H., Joest,A.","Bernhard Nocht Institute for Tropical Medicine WHO Collaborating Centre for Arbovirus and Haemorrhagic Fever Reference and Rese, Division of Arbovirology",,11065,Gernsheim,Germany,Turdus merula,18/9/2011
KJ438773,"Engel,D., Jost,H., Wink,M., Borstler,J., Bosch,S., Garigliany,M.M., Jost,A., Czajka,C., Luhken,R., Ziegler,U., Groschup,M.H., Pfeffer,M., Becker,N., Cadar,D., Schmidt-Chanasit,J., Joest,H., Joest,A.","Bernhard Nocht Institute for Tropical Medicine WHO Collaborating Centre for Arbovirus and Haemorrhagic Fever Reference and Rese, Division of Arbovirology",,11065,Crumstadt,Germany,Turdus merula,29/9/2011
KJ438774,"Engel,D., Jost,H., Wink,M., Borstler,J., Bosch,S., Garigliany,M.M., Jost,A., Czajka,C., Luhken,R., Ziegler,U., Groschup,M.H., Pfeffer,M., Becker,N., Cadar,D., Schmidt-Chanasit,J., Joest,H., Joest,A.","Bernhard Nocht Institute for Tropical Medicine WHO Collaborating Centre for Arbovirus and Haemorrhagic Fever Reference and Rese, Division of Arbovirology",,11065,Böhl-Iggelheim,Germany,Turdus merula,4/9/2012
KJ438775,"Engel,D., Jost,H., Wink,M., Borstler,J., Bosch,S., Garigliany,M.M., Jost,A., Czajka,C., Luhken,R., Ziegler,U., Groschup,M.H., Pfeffer,M., Becker,N., Cadar,D., Schmidt-Chanasit,J., Joest,H., Joest,A.","Bernhard Nocht Institute for Tropical Medicine WHO Collaborating Centre for Arbovirus and Haemorrhagic Fever Reference and Rese, Division of Arbovirology",,11065,Frankenthal,Germany,Turdus merula,16/9/2011
KJ438776,"Engel,D., Jost,H., Wink,M., Borstler,J., Bosch,S., Garigliany,M.M., Jost,A., Czajka,C., Luhken,R., Ziegler,U., Groschup,M.H., Pfeffer,M., Becker,N., Cadar,D., Schmidt-Chanasit,J., Joest,H., Joest,A.","Bernhard Nocht Institute for Tropical Medicine WHO Collaborating Centre for Arbovirus and Haemorrhagic Fever Reference and Rese, Division of Arbovirology",,11065,Dirmstein,Germany,Turdus merula,14/9/2011
KJ438777,"Engel,D., Jost,H., Wink,M., Borstler,J., Bosch,S., Garigliany,M.M., Jost,A., Czajka,C., Luhken,R., Ziegler,U., Groschup,M.H., Pfeffer,M., Becker,N., Cadar,D., Schmidt-Chanasit,J., Joest,H., Joest,A.","Bernhard Nocht Institute for Tropical Medicine WHO Collaborating Centre for Arbovirus and Haemorrhagic Fever Reference and Rese, Division of Arbovirology",,11065,Kleinniedesheim,Germany,Turdus merula,14/9/2011
KJ438778,"Engel,D., Jost,H., Wink,M., Borstler,J., Bosch,S., Garigliany,M.M., Jost,A., Czajka,C., Luhken,R., Ziegler,U., Groschup,M.H., Pfeffer,M., Becker,N., Cadar,D., Schmidt-Chanasit,J., Joest,H., Joest,A.","Bernhard Nocht Institute for Tropical Medicine WHO Collaborating Centre for Arbovirus and Haemorrhagic Fever Reference and Rese, Division of Arbovirology",,11065,Erfelden,Germany,Turdus merula,19/9/2011
KJ438779,"Engel,D., Jost,H., Wink,M., Borstler,J., Bosch,S., Garigliany,M.M., Jost,A., Czajka,C., Luhken,R., Ziegler,U., Groschup,M.H., Pfeffer,M., Becker,N., Cadar,D., Schmidt-Chanasit,J., Joest,H., Joest,A.","Bernhard Nocht Institute for Tropical Medicine WHO Collaborating Centre for Arbovirus and Haemorrhagic Fever Reference and Rese, Division of Arbovirology",,11060,Bad Dürkheim,Germany,Turdus merula,12/7/2012
KJ438780,"Engel,D., Jost,H., Wink,M., Borstler,J., Bosch,S., Garigliany,M.M., Jost,A., Czajka,C., Luhken,R., Ziegler,U., Groschup,M.H., Pfeffer,M., Becker,N., Cadar,D., Schmidt-Chanasit,J., Joest,H., Joest,A.","Bernhard Nocht Institute for Tropical Medicine WHO Collaborating Centre for Arbovirus and Haemorrhagic Fever Reference and Rese, Division of Arbovirology",,11049,Hagenbach,Germany,Turdus merula,14/9/2011
KJ438781,"Engel,D., Jost,H., Wink,M., Borstler,J., Bosch,S., Garigliany,M.M., Jost,A., Czajka,C., Luhken,R., Ziegler,U., Groschup,M.H., Pfeffer,M., Becker,N., Cadar,D., Schmidt-Chanasit,J., Joest,H., Joest,A.","Bernhard Nocht Institute for Tropical Medicine WHO Collaborating Centre for Arbovirus and Haemorrhagic Fever Reference and Rese, Division of Arbovirology",,11065,Kandel,Germany,Turdus merula,26/9/2011
KJ438782,"Engel,D., Cadar,D., Joest,H., Wink,M., Bosch,S., Joest,A., Czajka,C., Becker,N., Schmidt-Chanasit,J.","Bernhard Nocht Institute for Tropical Medicine WHO Collaborating Centre for Arbovirus and Haemorrhagic Fever Reference and Rese, Division of Arbovirology",,3265,Großsachsen,Germany,Anopheles claviger,18/8/2011
KJ438783,"Engel,D., Cadar,D., Joest,H., Wink,M., Bosch,S., Joest,A., Czajka,C., Becker,N., Schmidt-Chanasit,J.","Bernhard Nocht Institute for Tropical Medicine WHO Collaborating Centre for Arbovirus and Haemorrhagic Fever Reference and Rese, Division of Arbovirology",,3033,Heidelberg,Germany,Aedes vexans,09/09/11
KM659877,"Cadar,D., Jost,H., Bosch,S., Boerstler,J., Garigliany,M., Schmidt-Chanasit,J.","Bernhard Nocht Institute for Tropical Medicine, Arbovirology",,11065,Bonn,Germany,Turdus merula,11/9/2014
KJ859682,"Cadar,D., Becker,N., Campos Rde,M., Borstler,J., Jost,H., Schmidt-Chanasit,J., Joest,H.","Bernhard Nocht Institute for Tropical Medicine, Arbovirology",BAT1USUTU-BNI,11065,Ludwigshafen am Rhein,Germany,Pipistrellus pipistrellus,21/9/2013
KJ859683,"Cadar,D., Becker,N., Campos Rde,M., Borstler,J., Jost,H., Schmidt-Chanasit,J., Joest,H.","Bernhard Nocht Institute for Tropical Medicine, Arbovirology",BAT2USUTU-BNI,11065,Waldsee,Germany,Pipistrellus pipistrellus,5/102013
