label,GRI Lineage Level 0,GRI Lineage Level 1,GRI Lineage Level 2
MN813489|HU10279-09|culex_perexiguus|ES|2009,not assigned,not assigned,not assigned
KX268472|HU10279_09|culex_perexiguus|ES|2009,not assigned,not assigned,not assigned
KF573410|NA|culex_pipiens|ES|2006-08-22,E,E,E
KX601692|USUV-Rhone2705/France/2015|turdus_merula|FR|2015-09-23,E,E,E
KY199556|NA|strix_nebulosa|DE|2016,E,E.0,E.0
KU664608|Usutu_Berlin|strix_nebulosa|DE|2015-08-21,E,E.0,E.0
KY426758|NA|turdus_merula|DE|2016-09-25,E,E.0,E.0
MN813492|SARR1776|culex_neavei|ZA|1959,not assigned,not assigned,not assigned
ON813227|SN2005_ArD_171185|culex_neavei|SN|2005,D,D,D
MH727242|ROD_259552|rattus_rattus|SN|2013-10-24,D,D,D
MH727239|ROD_259496|mastomys_natalensis|SN|2013-10-23,D,D,D
MH727241|ROD_259524|mastomys_natalensis|SN|2013-10-24,D,D,D
MH727240|CROC_259520|soricidae_sp|SN|2013-10-23,D,D,D
MH727238|ROD_259466|mastomys_natalensis|SN|2013-10-23,D,D,D
MN813488|DakPM173701|culex_neavei|SN|2003,G,G,G
ON813229|SN2005_ArD_173133|culex_neavei|SN|2005,G,G,G
KC754954|ArD19848|culex_perfuscus|SN|1974,G,G,G
KC754955|HB81P08|homo_sapiens|CF|1981,not assigned,not assigned,not assigned
PV207916|WNV0001|homo_sapiens|ES|2024-09-09,not assigned,not assigned,not assigned
MT863562|HauteVienne4997/France/2018|turdus_merula|FR|2018-07-24,B,B,B
PP482815|AeDet2-batch3_Nansouty_2023-08-18|culex_sp|FR|2023-08-18,B,B,B
ON755221|Turdusmerula20_feather_WLC_Day0|turdus_merula|NL|2016,B,B,B
PQ677887|Ar2|alectoris_rufa|PT|2023-11-05,B,B,B
OU674388|NA|turdus_merula|LU|2020-09,B,B,B
MK419834|USU-BE-Scoter/2018|melanitta_nigra|BE|2018-08,B,B,B
KY294723|S-1238|turdus_merula|DE|2016,B,B,B
MN122238|AS201800115|turdus_merula|NL|2018-08-15,B,B.4,B.4
KY199557|NA|turdus_merula|DE|2016,B,B.4,B.4
KY294722|S-1232|turdus_merula|DE|2016,B,B.4,B.4
KY263625|NA|turdus_merula|BE|2016-10,B,B.2,B.2
MN122178|AS201600265|turdus_merula|NL|2016-09-30,B,B.2,B.2
NA|21TV5071|turdus_merula|NL|2022-07-29,B,B.2,B.2
NA|AS20221851|turdus_merula|NL|2022-09-03,B,B.2,B.2
MN122212|AS201700189|turdus_merula|NL|2017-09-14,B,B.2,B.2
MN122157|AS201600101|turdus_merula|NL|2016-09-22,B,B.2,B.2
NA|AS20221780|turdus_merula|NL|2022-08-26,B,B.0,B.0
MN122250|AS201800150|turdus_merula|NL|2018-08-30,B,B.0,B.0
MN122210|AS201700177|turdus_merula|NL|2017-09-15,B,B.0,B.0
NA|18TV1196|turdidae_sp|NL|2018-09-16,B,B.0,B.0
MN122167|AS201600136|turdus_merula|NL|2016-09-23,B,B.0,B.0
KY426757|NA|turdus_merula|DE|2016-09-23,B,B.0,B.0
KY426764|NA|turdus_merula|DE|2016-10-04,B,B.0,B.0
MN122248|AS201800128|turdus_merula|NL|2018-08-22,B,B.0,B.0.3
NA|AS201700142|strix_nebulosa|NL|2017-08-09,B,B.0,B.0.3
MN122146|AS201600036|turdus_merula|NL|2016-09-06,B,B.0,B.0.3
KY426754|NA|turdus_merula|DE|2015-09-09,B,B.0,B.0
NA|AS201600269|strix_nebulosa|NL|2016-09-25,B,B.0,B.0
NA|AS201600067|strix_nebulosa|NL|2016-09-09,B,B.0,B.0
MN122200|AS201700118|turdus_merula|NL|2017-08-03,B,B.0,B.0
MN122204|AS201700130|turdus_merula|NL|2017-08-16,B,B.0,B.0
MN122183|AS201600281|turdus_merula|NL|2016-09-25,B,B.0,B.0
NA|AS201600289_BEC009|strix_nebulosa|NL|2016,B,B.0,B.0
MN122218|AS201800084|turdus_merula|NL|2018-07-31,B,B.0,B.0
MN122237|AS201800114|turdus_merula|NL|2018-08-15,B,B.0,B.0
MN122234|AS201800103|turdus_merula|NL|2018-08-10,B,B.0,B.0
MN122194|AS201700090|turdus_merula|NL|2017-07-13,B,B.0,B.0
MN122243|AS201800122|turdus_merula|NL|2018-08-21,B,B.0,B.0
PV235994|USUV/NL/2021/CMV2045|culex_sp|NL|2021-07-26,B,B.0,B.0
MN122155|AS201600095|turdus_merula|NL|2016-09-21,B,B.0,B.0
MN122160|AS201600110|turdus_merula|NL|2016-09-22,B,B.0,B.0
MN122216|AS201800081|turdus_merula|NL|2018-07-27,B,B.0,B.0
OP921081|16TV1131_Ixodesricinus_6|ixodes_ricinus|NL|2016-10-16,B,B.0,B.0
MN122226|AS201800093|turdus_merula|NL|2018-08-03,B,B.0,B.0.0
MN122223|AS201800090|turdus_merula|NL|2018-08-02,B,B.0,B.0.0
MN122217|AS201800082|turdus_merula|NL|2018-07-27,B,B.0,B.0.0
MN122225|AS201800092|turdus_merula|NL|2018-08-02,B,B.0,B.0.0
NA|AS20200561|turdus_merula|NL|2020-09-27,B,B.0,B.0.0
MN122205|AS201700152|turdus_merula|NL|2017-07-19,B,B.0,B.0.0
NA|17TV1510|turdus_merula|NL|2018-10-06,B,B.0,B.0.0
MN122222|AS201800089|turdus_merula|NL|2018-08-02,B,B.0,B.0.0
MN122197|AS201700106|turdus_merula|NL|2017-07-25,B,B.0,B.0.0
MN122247|AS201800127|turdus_merula|NL|2018-08-22,B,B.0,B.0
NA|AS20222401|turdus_merula|NL|2022-11-10,B,B.0,B.0
MN122228|AS201800095|turdus_merula|NL|2018-08-06,B,B.0,B.0
NA|AS20190450|turdus_merula|NL|2019-09-03,B,B.0,B.0
NA|AS20221828|turdus_merula|NL|2022-08-26,B,B.0,B.0
MN122161|AS201600115|turdus_merula|NL|2016-09-22,B,B.0,B.0
MN122147|AS201600042|turdus_merula|NL|2016-09-07,B,B.0,B.0
MN122193|AS201700087|turdus_merula|NL|2017-07-11,B,B.0,B.0
NA|AS20210829|turdus_merula|NL|2021-09-19,B,B.0,B.0
MN122195|AS201700096|turdus_merula|NL|2017-07-14,B,B.0,B.0
KY128482|Snebulosa-6004/NL/2016|strix_nebulosa|NL|2016-09,B,B.0,B.0
MN122184|AS201600283|turdus_merula|NL|2016-09-27,B,B.0,B.0
MN122251|AS201800151|turdus_merula|NL|2018-08-30,B,B.0,B.0
MN122149|AS201600048|turdus_merula|NL|2016-09-07,B,B.0,B.0
MN122252|AS201800152|turdus_merula|NL|2018-08-30,B,B.0,B.0
NA|AS201700173|strix_nebulosa|NL|2017-08-25,B,B.0,B.0
OP007489|WBVR_bird-X-2016|strix_nebulosa|NL|2016-09-09,B,B.0,B.0
ON755215|Turdusmerula13_feather_3W1L_Day0|turdus_merula|NL|2016,B,B.0,B.0
MN122191|AS201700084|turdus_merula|NL|2017-07-05,B,B.0,B.0
MN122168|AS201600148|turdus_merula|NL|2016-09-23,B,B.0,B.0.1
MN122159|AS201600107|turdus_merula|NL|2016-09-22,B,B.0,B.0.1
OP921078|18TV0973_Turdusphilomelos|turdidae_sp|NL|2018-08-18,B,B.0,B.0.1
MN122255|AS201800156|turdus_merula|NL|2018-08-31,B,B.0,B.0.1
NA|22TV2594|cyanistes_caeruleus|NL|2022-08-24,B,B.0,B.0.1
NA|AS20221789|turdus_merula|NL|2022-08-24,B,B.0,B.0.1
MK230891|Seraing/2017|turdus_merula|BE|2017-08,B,B.0,B.0
NA|AS20190715|copsychus_malabaricus|NL|2019-10-07,B,B.0,B.0
MN122253|AS201800154|turdus_merula|NL|2018-08-31,B,B.0,B.0
MN122199|AS201700112|turdus_merula|NL|2017-07-27,B,B.0,B.0.2
MN122242|AS201800121|turdus_merula|NL|2018-08-17,B,B.0,B.0.2
MN122209|AS201700174|turdus_merula|NL|2017-08-29,B,B.0,B.0.2
ON755211|Turdusmerula19_feather_WLC_Day43|turdus_merula|NL|2016,B,B.0,B.0
ON755210|Turdusmerula17_feather_WLC_Day43|turdus_merula|NL|2016,B,B.0,B.0
MN122239|AS201800116|turdus_merula|NL|2018-08-16,B,B.0,B.0
NA|AS20190494|turdus_merula|NL|2019-08-28,B,B.0,B.0
MN122208|AS201700170|turdus_merula|NL|2017-08-25,B,B.0,B.0
NA|19TV0102|passer_domesticus|NL|2019-04-24,B,B.0,B.0
MN122202|AS201700124|turdus_merula|NL|2017-08-01,B,B.0,B.0
NA|18TV0252|turdus_merula|NL|2018-10-31,B,B.0,B.0
MN122256|AS201800157|turdus_merula|NL|2018-09-04,B,B.0,B.0
MN122221|AS201800088|turdus_merula|NL|2018-08-01,B,B.0,B.0
MN122241|AS201800120|turdus_merula|NL|2018-08-17,B,B.0,B.0
NA|18TV1221|turdus_merula|NL|2018-10-13,B,B,B
MN122151|AS201600057|turdus_merula|NL|2016-09-08,B,B.3,B.3
MN122232|AS201800101|turdus_merula|NL|2018-08-07,B,B.3,B.3
MN122231|AS201800100|turdus_merula|NL|2018-08-07,B,B.3,B.3
MN122182|AS201600280|turdus_merula|NL|2016-09-26,B,B.3,B.3
ON755217|Turdusmerula15_feather_WLC_Day0|turdus_merula|NL|2016,B,B.3,B.3
NA|AS20221660|turdus_merula|NL|2022-08-08,B,B.3,B.3
KY426765|NA|turdus_merula|DE|2016-09-30,B,B,B
KM659877|NA|turdus_merula|DE|2014-09-11,B,B,B
KY426761|NA|turdus_merula|DE|2016-09-04,B,B.1,B.1
MN122246|AS201800126|turdus_merula|NL|2018-08-22,B,B.1,B.1
MN122244|AS201800123|turdus_merula|NL|2018-08-21,B,B.1,B.1
MN122233|AS201800102|turdus_merula|NL|2018-08-09,B,B.1,B.1
NA|AS201700148|strix_nebulosa|NL|2017-07-31,B,B.1,B.1
NA|AS201800175|turdus_merula|NL|2018-08-22,B,B.1,B.1
MN122245|AS201800125|turdus_merula|NL|2018-08-22,B,B.1,B.1
MN122220|AS201800087|turdus_merula|NL|2018-08-01,B,B.1,B.1
ON755219|Turdusmerula18_feather_WLC_Day0|turdus_merula|NL|2016,B,B.1,B.1
NA|16TV1045|turdus_merula|NL|2017-08-02,B,B.1,B.1
PQ041659|USUV_TM_Netherlands_2016|NA|NL|2020,B,B.1,B.1
OP921077|16TV1039_Ixodesfrontalis|ixodes_frontalis|NL|2016-10-07,B,B.1,B.1
NA|AS20221923|turdus_merula|NL|2022-09-04,B,B.1,B.1
PV235996|USUV/NL/2022/CMV3394|culex_sp|NL|2022-07-26,B,B.1,B.1
NA|AS20221952|streptopelia_decaocto|NL|2022-09-27,B,B.1,B.1
MN122214|AS201700254|turdus_merula|NL|2017-09-22,B,B.1,B.1
MN122230|AS201800099|turdus_merula|NL|2018-08-07,B,B.1,B.1
MN122156|AS201600098|turdus_merula|NL|2016-09-21,B,B.1,B.1
NA|AS20190438|gracula_religiosa|NL|2019-09-12,B,B.1,B.1
MT795154|NA|turdus_merula|DE|2016-09-30,B,B.1,B.1
MN122240|AS201800118|turdus_merula|NL|2018-08-16,B,B.1,B.1
MN122254|AS201800155|turdus_merula|NL|2018-08-31,B,B.1,B.1
NA|18TV0475|turdus_merula|NL|2018-08-18,B,B.1,B.1
NA|AS20190490|turdus_merula|NL|2019-08-27,B,B.1,B.1
MN122207|AS201700167|turdus_merula|NL|2017-09-01,B,B.1,B.1
MN122224|AS201800091|turdus_merula|NL|2018-08-02,B,B.1,B.1
MN122163|AS201600121|turdus_merula|NL|2016-09-22,B,B.1,B.1
MN122249|AS201800129|turdus_merula|NL|2018-08-23,B,B.1,B.1
MN122227|AS201800094|turdus_merula|NL|2018-08-03,B,B.1,B.1
MN122175|AS201600244|turdus_merula|NL|2016-09-27,B,B.1,B.1
MN122236|AS201800113|turdus_merula|NL|2018-08-14,B,B.1,B.1
MN122201|AS201700121|turdus_merula|NL|2017-08-01,B,B.1,B.1
MN122186|AS201600286|turdus_merula|NL|2016-09-28,B,B.1,B.1
ON755209|Turdusmerula14_feather_WLC_Day43|turdus_merula|NL|2016,B,B.1,B.1.1
NA|22B00749|turdidae_sp|NL|2022-09-21,B,B.1,B.1.1
NA|AS20221942|turdus_merula|NL|2022-09-20,B,B.1,B.1.1
OM202464|Greater_London_2021|turdus_merula|UK|2021-09,B,B.1,B.1.1
NA|Blackbird_Cambridgeshire_2023_a|turdus_merula|UK|2023-08,B,B.1,B.1.1
NA|Blackbird_London_2022_b|turdus_merula|UK|2022-09,B,B.1,B.1.1
NA|Blackbird_London_2022_a|turdus_merula|UK|2022-09,B,B.1,B.1.1
MW001216|NA|turdus_merula|UK|2020-07,B,B.1,B.1.1
NA|AS20190579|prunella_modularis|NL|2019-09-19,B,B.1,B.1.2
PV235993|USUV/NL/2019/CMV442|culex_sp|NL|2019-08-22,B,B.1,B.1.2
NA|AS20200605|turdus_merula|NL|2020-08-22,B,B.1,B.1.2
NA|AS20221842|turdus_merula|NL|2022-09-04,B,B.1,B.1.0
MN122169|AS201600173|turdus_merula|NL|2016-10-07,B,B.1,B.1.0
MN122206|AS201700155|turdus_merula|NL|2017-08-10,B,B.1,B.1.0
NA|AS20200367|turdus_merula|NL|2020-08-16,B,B.1,B.1.0
NA|AS20221974|turdus_merula|NL|2022-09-20,B,B.1,B.1.0
NA|AS20221880|turdus_merula|NL|2022-09-12,B,B.1,B.1.0
NA|AS20221875|turdus_merula|NL|2022-09-11,B,B.1,B.1.0
NA|AS20221928|turdus_merula|NL|2022-09-25,B,B.1,B.1.0
NA|AS20221898|turdus_merula|NL|2022-09-11,B,B.1,B.1.0
NA|AS20221994|passer_domesticus|NL|2022-09-19,B,B.1,B.1.0
NA|AS20221884|turdus_merula|NL|2022-09-14,B,B.1,B.1.0
NA|AS20221913|turdus_merula|NL|2022-09-11,B,B.1,B.1.0
NA|AS20221755|strix_nebulosa|NL|2022-07-21,B,B.1,B.1.0
NA|AS20221846|turdus_merula|NL|2022-09-03,B,B.1,B.1.0
NA|AS20221775|turdus_merula|NL|2022-08-28,B,B.1,B.1.0
NA|AS20221784|turdus_merula|NL|2022-08-11,B,B.1,B.1.0
NA|AS20221889|turdus_merula|NL|2022-09-18,B,B.1,B.1.0
NA|AS20221818|turdus_merula|NL|2022-08-31,B,B.1,B.1.0
NA|AS20221637|turdus_merula|NL|2022-08-04,B,B.1,B.1.0
NA|AS20210914|turdus_merula|NL|2021-08-30,B,B.1,B.1.0
NA|AS20221838|turdus_merula|NL|2022-08-22,B,B.1,B.1.0
NA|AS20221860|turdus_merula|NL|2022-09-14,B,B.1,B.1.0
NA|AS20221670|turdus_merula|NL|2022-07-24,B,B.1,B.1.0
NA|AS20221627|turdus_merula|NL|2022-07-28,B,B.1,B.1.0
NA|AS20221918|cyanistes_caeruleus|NL|2022-09-15,B,B.1,B.1.0
PV235995|USUV/NL/2022/CMV3308|culex_sp|NL|2022-07-13,B,B.1,B.1.0
NA|22B00207|turdus_merula|NL|2022-11-12,B,B.1,B.1.0
NA|AS20200689|turdus_merula|NL|2020-09-30,B,B.1,B.1.0
NA|AS20221760|turdus_merula|NL|2022-08-24,B,B.1,B.1.0
NA|AS20221803|turdus_merula|NL|2022-09-02,B,B.1,B.1.0
PQ633267|USUV/NL/2022/SCBC7P30|NA|NL|2022-11-18,B,B.1,B.1.0
NA|22TV3658|turdus_merula|NL|2022-08-27,B,B.1,B.1.0
MG461312|USUV_355m_Israel04_USUTU_|culex_perexiguus|IL|2004-09-27,C,C.2,C.2
MG461310|USUV_269m_Israel04_USUTU_|culex_perexiguus|IL|2004-08-24,C,C.2,C.2
MG461309|USUV_100m_Israel04_USUTU_|culex_pipiens|IL|2004-07-14,C,C.2,C.2
MN813491|UG09615|culex_univittatus|UG|2012,C,C,C
ON813222|SN2016_288158|culex_neavei|SN|2016,C,C.1,C.1
ON813224|SN2016_286099|culex_poicilipes|SN|2016,C,C.1,C.1
ON813225|SN2013_260237|culex_neavei|SN|2013,C,C.1,C.1
KC754957|ArD192495|culex_neavei|SN|2007,C,C,C
MG461308|USUV_593m_Israel15_USUTU_|aedes_albopictus|IL|2015-09-21,C,C,C
MG461306|USUV_269m_Israel15_USUTU_|culex_perexiguus|IL|2015-06-30,C,C.0,C.0
MG461313|USUV_550m_Israel15_USUTU_|culex_perexiguus|IL|2015-09-08,C,C.0,C.0
MG461307|USUV_569m_Israel15_USUTU_|culex_pipiens|IL|2015-09-08,C,C.0,C.0
KC754956|ArD101291|culex_univittatus|SN|1993,not assigned,not assigned,not assigned
ON813221|SN2016_288129|culex_neavei|SN|2016,F,F,F
ON813220|SN2016_286066|culex_neavei|SN|2016,F,F,F
ON813223|SN2016_286125|culex_neavei|SN|2016,F,F,F
KX555629|NA|turdus_merula|IT|2015,A,A,A
KX816646|200092/2010|turdus_merula|IT|2010-08,A,A.4,A.4
KU573073|229615-1/2013|culex_pipiens|IT|2013,A,A.4,A.4
KX816653|206795-3/2012|culex_pipiens|IT|2012-09,A,A.4,A.4
KJ438781|NA|turdus_merula|DE|2011-09-26,A,A.3,A.3
KJ438780|NA|turdus_merula|DE|2011-09-14,A,A.3,A.3
KY128481|Snebulosa-7890/Fra/2016|strix_nebulosa|FR|2016-09-22,A,A.3,A.3
KY426760|NA|turdus_merula|DE|2016-09-29,A,A.3,A.3
KY426751|NA|turdus_pilaris|DE|2015-09-01,A,A.1,A.1
KJ438770|NA|turdus_merula|DE|2011-09-15,A,A.1,A.1
KY426762|NA|turdus_merula|DE|2016-09-26,A,A.1,A.1
KY426769|NA|turdus_merula|DE|2016-09-20,A,A.1,A.1
KY426770|NA|turdus_merula|DE|2016-09-20,A,A.1,A.1
KJ438779|NA|turdus_merula|DE|2012-07-12,A,A.1,A.1
KJ438769|NA|turdus_merula|DE|2011-09-15,A,A.1,A.1
KJ438767|NA|culex_sp|DE|2011-09-08,A,A.1,A.1
KJ438778|NA|turdus_merula|DE|2011-09-19,A,A.1,A.1
KJ438774|NA|turdus_merula|DE|2012-09-04,A,A.1,A.1
KJ438777|NA|turdus_merula|DE|2011-09-14,A,A.1,A.1
KJ438776|NA|turdus_merula|DE|2011-09-14,A,A.1,A.1
KJ438773|NA|turdus_merula|DE|2011-09-29,A,A.1,A.1
OP555956|NA|strix_nebulosa|BE|2017-07-10,A,A.1,A.1
KY199558|NA|turdus_merula|DE|2016,A,A.1,A.1
KJ438771|NA|turdus_merula|DE|2013-05-05,A,A.1,A.1
KJ438775|NA|turdus_merula|DE|2011-09-16,A,A.1,A.1
KJ438768|NA|culex_sp|DE|2013-08-22,A,A.1,A.1
MN122166|AS201600133|turdus_merula|NL|2016-09-23,A,A.1,A.1
NA|AS201700147|branta_ruficollis|NL|2017-08-14,A,A.1,A.1
MT133690|UV/BlackBird/Sweden/SVA190801SZ0368/VLT001567/2019|turdus_merula|SE|2019-08-01,A,A.1,A.1.1
MN122190|AS201700080|turdus_merula|NL|2017-07-05,A,A.1,A.1.1
KY315178|Gracula_religiosa/U1609393/Belgium/2016|gracula_religiosa|BE|2016-10-03,A,A.1,A.1.1
MN122213|AS201700248|turdus_merula|NL|2017-09-20,A,A.1,A.1.1
MK796168|AS201600070|strix_nebulosa|NL|2016-09-13,A,A.1,A.1.1
NA|AS20221798|turdus_merula|NL|2022-08-30,A,A.1,A.1.1
NA|AS20190530|turdus_merula|NL|2019-08-19,A,A.1,A.1.1
KJ438760|NA|turdus_merula|DE|2011-09-16,A,A.1,A.1
KJ438745|NA|turdus_merula|DE|2011-09-16,A,A.1,A.1
KJ438753|NA|turdus_merula|DE|2011-09-16,A,A.1,A.1
KJ438759|NA|turdus_merula|DE|2011-09-28,A,A.1,A.1
KJ438705|NA|culex_pipiens|DE|2010-07-14,A,A.1,A.1
KJ438739|NA|turdus_merula|DE|2013-09-10,A,A.1,A.1
KY426759|NA|turdus_merula|DE|2016-09-12,A,A.1,A.1
KJ438752|NA|turdus_merula|DE|2011-09-15,A,A.1,A.1
MN122179|AS201600268|turdus_merula|NL|2016-09-30,A,A.1,A.1
MN122181|AS201600277|turdus_merula|NL|2016-09-27,A,A.1,A.1
KJ438761|NA|turdus_merula|DE|2011-09-15,A,A.1,A.1
KJ438730|NA|turdus_merula|DE|2011-09-14,A,A.1,A.1
KJ438746|NA|turdus_merula|DE|2011-09-27,A,A.1,A.1
KY426753|NA|turdus_merula|DE|2015-08-18,A,A.1,A.1
KJ438748|NA|turdus_merula|DE|2012-07-23,A,A.1,A.1
KJ438757|NA|turdus_merula|DE|2013-08-26,A,A.1,A.1
KX601690|USUV-HautRhin7315/France/2015|turdus_merula|FR|2015-08-10,A,A.1,A.1
KJ438758|NA|turdus_merula|DE|2013-08-13,A,A.1,A.1
KJ438741|NA|turdus_merula|DE|2013-08-26,A,A.1,A.1
KY426766|NA|turdus_merula|DE|2016-10-11,A,A.1,A.1
KJ438762|NA|turdus_merula|DE|2011-09-18,A,A.1,A.1
KJ859682|BAT1USUTU-BNI|pipistrellus_pipistrellus|DE|2013-09-21,A,A.1,A.1
KJ859683|BAT2USUTU-BNI|pipistrellus_pipistrellus|DE|2013-10-05,A,A.1,A.1
KJ438744|NA|turdus_merula|DE|2012-06-23,A,A.1,A.1
KJ438737|NA|culex_sp|DE|2011-08-21,A,A.1,A.1
KY426767|NA|turdus_merula|DE|2016-10-14,A,A.1,A.1
KJ438738|NA|turdus_merula|DE|2011-09-16,A,A.1,A.1
KJ438763|NA|turdus_merula|DE|2012-07-17,A,A.1,A.1
KJ438754|NA|turdus_merula|DE|2012-09-18,A,A.1,A.1
NA|20TV2299|turdus_merula|NL|2020-08-29,A,A.1,A.1.2
MN122229|AS201800097|turdus_merula|NL|2018-08-03,A,A.1,A.1.2
MT580899|NA|strix_nebulosa|DE|2018,A,A.1,A.1.2
MN122198|AS201700109|turdus_merula|NL|2017-07-25,A,A.1,A.1.2
KY263624|NA|turdus_merula|BE|2016-10,A,A.1,A.1.2
OP555957|NA|turdus_merula|BE|2017-07-24,A,A.1,A.1.2
KJ438747|NA|turdus_merula|DE|2012-07-17,A,A.1,A.1
KJ438756|NA|turdus_merula|DE|2011-09-26,A,A.1,A.1
KJ438755|NA|turdidae_sp|DE|2011-09-15,A,A.1,A.1
KJ438765|NA|turdus_merula|DE|2011-09-15,A,A.1,A.1
MK230892|Richelle/2017|turdus_merula|BE|2017-08,A,A.1,A.1
KJ438751|NA|turdus_merula|DE|2011-09-15,A,A.1,A.1
KJ438750|NA|turdus_merula|DE|2011-09-14,A,A.1,A.1
KJ438749|NA|turdus_merula|DE|2012-07-18,A,A.1,A.1
KJ438735|NA|turdus_merula|DE|2012-07-24,A,A.1,A.1
KJ438742|NA|turdus_merula|DE|2013-09-23,A,A.1,A.1
KJ438766|NA|turdus_merula|DE|2012-09-19,A,A.1,A.1.3
KJ438764|NA|turdus_merula|DE|2012-07-17,A,A.1,A.1.3
KX601691|USUV-HautRhin7316/France/2015|turdus_merula|FR|2015-08-05,A,A.1,A.1.3
KJ438729|NA|turdus_merula|DE|2012-07-18,A,A.1,A.1.3
MN122170|AS201600197|turdus_merula|NL|2016-10-11,A,A.1,A.1
MN122215|AS201800038|turdus_merula|NL|2017-09-11,A,A.1,A.1
KY426755|NA|turdus_merula|DE|2016-09-19,A,A.1,A.1
KY426756|NA|turdus_merula|DE|2016-09-23,A,A.1,A.1.0
MN122192|AS201700086|turdus_merula|NL|2017-07-11,A,A.1,A.1.0
KX977447|NA|turdus_merula|BE|2016-09,A,A.1,A.1.0
MN122174|AS201600241|turdus_merula|NL|2016-09-27,A,A.1,A.1.0
MN122189|AS201700077|turdus_merula|NL|2017-07-03,A,A.1,A.1.0
MN122188|AS201700024|turdus_merula|NL|2017-04-11,A,A.1,A.1.0
MN122152|AS201600060|turdus_merula|NL|2016-09-12,A,A.1,A.1.0
MN122203|AS201700127|turdus_merula|NL|2017-07-30,A,A.1,A.1.0
MN122196|AS201700103|turdus_merula|NL|2017-07-19,A,A.1,A.1.0
MN122177|AS201600253|turdus_merula|NL|2016-09-27,A,A.1,A.1.0
MN122235|AS201800112|turdus_merula|NL|2018-08-14,A,A.1,A.1.0
NA|17TV1446|turdus_merula|NL|2017-09-07,A,A.1,A.1.0
MK230890|Villers/2017|turdus_merula|BE|2017-08,A,A.1,A.1.0
OP555958|NA|turdus_merula|BE|2017-08-07,A,A.1,A.1.0
MN122158|AS201600104|turdus_merula|NL|2016-09-22,A,A.1,A.1.0
MG888044|NA|culex_pipiens|RS|2014-08,A,A,A
EF206350|Budapest|turdus_merula|HU|2005,A,A,A
AY453411|NA|NA|AT|2001,A,A,A
JQ219843|NA|cyanistes_caeruleus|AT|2002-08-29,A,A,A
MW164666|13pool5999|culex_pipiens|IT|2013-08-21,A,A.2,A.2
MW164651|12pool2626|culex_pipiens|IT|2012-09-05,A,A.2,A.2
MW164677|14pool1489|culex_pipiens|IT|2014-09-02,A,A.2,A.2
MW164647|12pool2262|culex_pipiens|IT|2012-08-07,A,A.2,A.2
JF266698|NA|turdus_merula|IT|2009,A,A.2,A.2
MW164637|11pool1989|culex_pipiens|IT|2011-08-23,A,A.2,A.2
MW164638|11pool2109|culex_pipiens|IT|2011-08-24,A,A.2,A.2
MW164657|12VIR6787-9|alauda_arvensis|IT|2012-09-03,A,A.2,A.2
MW164656|12VIR6787-11|alauda_arvensis|IT|2012-09-03,A,A.2,A.2.0
MW164665|13pool5873|culex_pipiens|IT|2013-08-13,A,A.2,A.2.0
MW164644|12pool2194|culex_pipiens|IT|2012-08-09,A,A.2,A.2.0
MW164659|13pool5600|culex_pipiens|IT|2013-08-07,A,A.2,A.2.0
MW164646|12pool2249|culex_pipiens|IT|2012-08-07,A,A.2,A.2.0
MW164649|12pool2412|culex_pipiens|IT|2012-08-22,A,A.2,A.2.0
MW164702|16pool2106|culex_pipiens|IT|2016-08-16,A,A.2,A.2.0
MW164689|15pool1503|culex_pipiens|IT|2015-08-10,A,A.2,A.2.0
MW164705|16pool2336|culex_pipiens|IT|2016-08-29,A,A.2,A.2.0
MW164674|14pool1419|culex_pipiens|IT|2014-08-26,A,A.2,A.2.0
MW164696|15VIR4781-43|turdus_merula|IT|2015-09-15,A,A.2,A.2.0
MW164698|16pool1777|culex_pipiens|IT|2016-07-25,A,A.2,A.2.0
KU573072|221034-3/2013|culex_pipiens|IT|2013,A,A,A
MN989418|Usutu/Goose/Italy/17917/2018|anatidae__duck_sp_|IT|2018-08-20,A,A,A
ON032479|ITA2010_12543|turdus_merula|IT|2010,A,A.0,A.0
KX555625|NA|turdus_merula|IT|2010,A,A.0,A.0
KX555628|NA|turdus_merula|IT|2010,A,A.0,A.0
KX555627|NA|turdus_merula|IT|2010,A,A.0,A.0
HM569263|NA|homo_sapiens|IT|2009-09-24,A,A.0,A.0
KX816652|211204-7/2012|culex_pipiens|IT|2012-08,A,A.0,A.0
KX816650|211984-4/2012|culex_pipiens|IT|2012-08,A,A.0,A.0
KU573075|201602-24/2014|culex_pipiens|IT|2014,A,A.0,A.0
MW164660|13pool5678|culex_pipiens|IT|2013-08-08,A,A.0,A.0
KX816651|211204-8/2012|culex_pipiens|IT|2012-08,A,A.0,A.0
KU573074|245735-8/2013|culex_pipiens|IT|2013,A,A.0,A.0
MW164664|13pool5827|culex_pipiens|IT|2013-08-13,A,A.0,A.0
KX816647|208576-8/2011|culex_pipiens|IT|2011-08,A,A.0,A.0
ON032477|ITA2018_17495|turdus_merula|IT|2018-08-17,A,A.0,A.0
OR757493|17404216|culex_pipiens|IT|2023-07-15,A,A.0,A.0
KU573070|216606/2013|culex_pipiens|IT|2013,A,A.0,A.0
MF063042|AT-N211/16|turdus_merula|AT|2016-09-29,A,A.0,A.0
MF991886|BD1/17-AT|homo_sapiens|AT|2017-07-24,A,A.0,A.0
PV523802|9731|homo_sapiens|HU|2024-10-12,A,A.0,A.0
NA|USUV-GR1439/2024|homo_sapiens|EL|2024-09-16,A,A.0,A.0
MF063043|HU-47540/16|turdus_merula|HU|2016-09-26,A,A.0,A.0
PV541149|7096_2024|homo_sapiens|HU|2024-08-07,A,A.0,A.0
PV501212|416|culex_sp|HU|2024-07-31,A,A.0,A.0.6
PV501210|406|culex_sp|HU|2024-08-24,A,A.0,A.0.6
PV501211|412|culex_sp|HU|2024-08-07,A,A.0,A.0.6
PV501208|296|culex_sp|HU|2024-08-02,A,A.0,A.0.6
MW164662|13pool5744|culex_pipiens|IT|2013-08-13,A,A.0,A.0
MT784898|NA|turdus_iliacus|IT|2017,A,A.0,A.0.0
MW164739|18pool1261|culex_pipiens|IT|2018-07-19,A,A.0,A.0.0
MW164750|18pool1509|culex_pipiens|IT|2018-07-31,A,A.0,A.0.0
MW164713|17pool1488|culex_pipiens|IT|2017-08-02,A,A.0,A.0.0
MW164742|18pool1264|culex_pipiens|IT|2018-07-19,A,A.0,A.0.0
MW164765|18pool1832|culex_pipiens|IT|2018-08-28,A,A.0,A.0.0
NA|20VIR5077|turdus_merula|IT|2020-08-21,A,A.0,A.0.0
NA|23VIR9300|turdus_merula|IT|2023-10-01,A,A.0,A.0.0
NA|23pool2067_23RS1943-143|culex_pipiens|IT|2023-08-24,A,A.0,A.0.0
OR921096|2023TE1822511|turdus_merula|IT|2023-09-07,A,A.0,A.0.0
OR921100|2023TE1837011|culex_pipiens|IT|2023-09-08,A,A.0,A.0.0
NA|22VIR7086-3|turdus_merula|IT|2022-07-18,A,A.0,A.0.0
NA|23pool1901_23RS1909-300|culex_pipiens|IT|2023-08-16,A,A.0,A.0.0
NA|23VIR8708|columbidae_sp|IT|2023-09-01,A,A.0,A.0.0
PP104385|TE2518212|culex_pipiens|IT|2023-09-22,A,A.0,A.0.0
OR921101|2023TE1838411|culex_pipiens|IT|2023-09-08,A,A.0,A.0.0
OR757488|1572124|culex_pipiens|IT|2023-07-06,A,A.0,A.0.0
OR921106|2023TE1699411|culex_pipiens|IT|2023-08-24,A,A.0,A.0.0
MW164683|14pool895|culex_pipiens|IT|2014-07-22,A,A.0,A.0.0
MW164687|15pool1419|culex_pipiens|IT|2015-08-05,A,A.0,A.0.0
NA|20VIR4951|serinus_canaria|IT|2020-08-19,A,A.0,A.0.0
MW164757|18pool1614|culex_pipiens|IT|2018-08-09,A,A.0,A.0.0
MW164769|18pool948|culex_pipiens|IT|2018-07-06,A,A.0,A.0.0
MW164700|16pool1870|culex_pipiens|IT|2016-08-01,A,A.0,A.0.0
OP734256|NA|culex_pipiens|IT|2022-07-29,A,A.0,A.0.0
NA|23pool2138_23RS2497-1|culex_pipiens|IT|2023-11-13,A,A.0,A.0.0
NA|23VIR8795|turdus_merula|IT|2023-08-23,A,A.0,A.0.0
OR757489|1572126|culex_pipiens|IT|2023-07-07,A,A.0,A.0.0
NA|23pool1280_23RS1633-583|culex_pipiens|IT|2023-07-05,A,A.0,A.0.0
MW164692|15pool1759|culex_pipiens|IT|2015-09-02,A,A.0,A.0.0
MW164761|18pool1662|culex_pipiens|IT|2018-08-14,A,A.0,A.0.0
MW164709|17pool1191|culex_pipiens|IT|2017-07-17,A,A.0,A.0.0
OP734246|NA|culex_pipiens|IT|2022-07-29,A,A.0,A.0.0
MW164760|18pool1660|culex_pipiens|IT|2018-08-14,A,A.0,A.0.0
MW164770|18VIR7808-6|ciconia_ciconia|IT|2018-09-07,A,A.0,A.0.0
MW164728|17VIR7838-4|turdus_merula|IT|2017-08-30,A,A.0,A.0.0
MW164722|17pool1671|culex_pipiens|IT|2017-08-16,A,A.0,A.0.0
MW164727|17VIR7761-4|sturnus_vulgaris|IT|2017-09-01,A,A.0,A.0.0
MW164743|18pool1267|culex_pipiens|IT|2018-07-19,A,A.0,A.0.0
MW164686|15pool1335|culex_pipiens|IT|2015-08-03,A,A.0,A.0.0
MW164694|15VIR4781-31|turdus_iliacus|IT|2015-09-15,A,A.0,A.0.0
MW164691|15pool1751|culex_pipiens|IT|2015-09-02,A,A.0,A.0.0
MW164748|18pool1442|culex_pipiens|IT|2018-07-31,A,A.0,A.0.0
MW164729|17VIR8655-3|larus_michahellis|IT|2017-09-18,A,A.0,A.0.0
MW164703|16pool2117|culex_pipiens|IT|2016-08-16,A,A.0,A.0.0
MW164734|18pool1141|culex_pipiens|IT|2018-07-17,A,A.0,A.0.0
MW164715|17pool1525|culex_pipiens|IT|2017-08-07,A,A.0,A.0.0
MW164747|18pool1430|culex_pipiens|IT|2018-07-31,A,A.0,A.0.0
OP734248|NA|culex_pipiens|IT|2022-07-29,A,A.0,A.0.0
MW164712|17pool1309|culex_pipiens|IT|2017-07-24,A,A.0,A.0.0
MW164766|18pool1965|culex_pipiens|IT|2018-09-06,A,A.0,A.0.0
MW164759|18pool1649|culex_pipiens|IT|2018-08-14,A,A.0,A.0.0
PV501209|373|culex_sp|HU|2024-08-16,A,A.0,A.0
NA|22VIR8404-2|turdus_merula|IT|2022-09-01,A,A.0,A.0
OR757497|1740425|culex_pipiens|IT|2023-07-16,A,A.0,A.0
OP734251|NA|culex_pipiens|IT|2022-08-01,A,A.0,A.0.4
OP734258|NA|culex_pipiens|IT|2022-07-27,A,A.0,A.0.4
OP734252|NA|culex_pipiens|IT|2022-08-01,A,A.0,A.0.4
MW164721|17pool1664|culex_pipiens|IT|2017-08-16,A,A.0,A.0
OR921104|2023TE1838911|culex_pipiens|IT|2023-09-08,A,A.0,A.0.5
OP734254|NA|NA|IT|2022-08-08,A,A.0,A.0.5
OR757496|1740423|NA|IT|2023-07-15,A,A.0,A.0.5
NA|23VIR9292|turdus_merula|IT|2023-10-01,A,A.0,A.0.5
MW164738|18pool1258|culex_pipiens|IT|2018-07-19,A,A.0,A.0
OP734255|NA|culex_pipiens|IT|2022-07-27,A,A.0,A.0
OR921105|2023TE1839111|phoenicurus_phoenicurus|IT|2023-09-08,A,A.0,A.0
OR921102|2023TE1908911|culex_pipiens|IT|2023-09-15,A,A.0,A.0
OR921094|2023TE1640011|culex_pipiens|IT|2023-08-11,A,A.0,A.0.1
PP104386|TE2518312|culex_pipiens|IT|2023-09-08,A,A.0,A.0.1
OR921099|2023TE1908111|turdus_merula|IT|2023-09-15,A,A.0,A.0.1
ON032486|ITA2021_310782|turdus_merula|IT|2021,A,A.0,A.0.1
ON813235|ITA2021_300240|turdus_merula|IT|2021,A,A.0,A.0.1
PP104384|TE2518112|culex_pipiens|IT|2023-09-22,A,A.0,A.0.1
OR921103|2023TE1683411|culex_pipiens|IT|2023-08-11,A,A.0,A.0.1
OP734257|NA|culex_pipiens|IT|2022-07-22,A,A.0,A.0.1
OP734261|NA|culex_pipiens|IT|2022-07-08,A,A.0,A.0.1
OR921095|2023TE1639211|culex_pipiens|IT|2023-08-11,A,A.0,A.0.1
ON032485|ITA2021_302331|turdus_merula|IT|2021,A,A.0,A.0.1
OP734245|NA|culex_pipiens|IT|2022-07-01,A,A.0,A.0.1
ON032484|ITA2021_305812|columba_palumbus|IT|2021-09-10,A,A.0,A.0.1
ON032483|ITA2021_301597|turdus_merula|IT|2021-08-19,A,A.0,A.0.1
OP734259|NA|culex_pipiens|IT|2022-07-25,A,A.0,A.0.1
ON032476|ITA2020_155885|turdus_merula|IT|2020,A,A.0,A.0.1
ON032474|ITA2020_115108|culex_pipiens|IT|2020,A,A.0,A.0.1
ON813236|305920/2021|culex_pipiens|IT|2021,A,A.0,A.0
MT784899|NA|turdus_merula|IT|2017,A,A.0,A.0.3
OP734249|NA|culex_pipiens|IT|2022-08-01,A,A.0,A.0.3
PP104388|TE2518612|turdus_merula|IT|2023-09-22,A,A.0,A.0.3
PP104387|TE2518512|sturnus_vulgaris|IT|2023-09-13,A,A.0,A.0.3
OR757494|17404220|turdus_merula|IT|2023-07-24,A,A.0,A.0.3
OR921093|2023TE1639111|culex_pipiens|IT|2023-08-11,A,A.0,A.0.3
OR757492|17404213|culex_pipiens|IT|2023-07-24,A,A.0,A.0.3
ON032482|ITA2021_304421|larus_michahellis|IT|2021-09-08,A,A.0,A.0.3
PP104383|TE2518012|culex_pipiens|IT|2023-08-02,A,A.0,A.0.3
OR757491|17404212|laridae_sp|IT|2023-07-20,A,A.0,A.0.3
OP734260|NA|culex_pipiens|IT|2022-07-08,A,A.0,A.0.3
MW164682|14pool857|culex_pipiens|IT|2014-07-22,A,A.0,A.0.2
MW164684|14VIR5467-8|NA|IT|2014-09-02,A,A.0,A.0.2
MW164671|14pool1366|culex_pipiens|IT|2014-08-20,A,A.0,A.0.2
MW164636|11pool1941|culex_pipiens|IT|2011-08-16,A,A.0,A.0.2
MW164668|13pool6465|culex_pipiens|IT|2013-09-05,A,A.0,A.0.2
MW164663|13pool5778|culex_pipiens|IT|2013-08-13,A,A.0,A.0.2
MW164678|14pool1494|culex_pipiens|IT|2014-09-02,A,A.0,A.0.2
MW164670|13pool6472|culex_pipiens|IT|2013-09-05,A,A.0,A.0.2
MW164640|11pool2444|culex_pipiens|IT|2011-09-21,A,A.0,A.0.2
MW164652|12pool2628|culex_pipiens|IT|2012-09-05,A,A.0,A.0.2
MW164654|12VIR6777-9|turdus_pilaris|IT|2012-09-05,A,A.0,A.0.2
MW164676|14pool1478|culex_pipiens|IT|2014-09-02,A,A.0,A.0.2
MW164741|18pool1263|culex_pipiens|IT|2018-07-19,A,A.0,A.0.2
MW164688|15pool1426|culex_pipiens|IT|2015-08-06,A,A.0,A.0.2
MW164724|17pool1709|culex_pipiens|IT|2017-08-17,A,A.0,A.0.2
MW164711|17pool1252|culex_pipiens|IT|2017-07-19,A,A.0,A.0.2
MW164736|18pool1219|culex_pipiens|IT|2018-07-17,A,A.0,A.0.2
MW164744|18pool1347|culex_pipiens|IT|2018-07-24,A,A.0,A.0.2
MW164714|17pool1493|culex_pipiens|IT|2017-08-02,A,A.0,A.0.2
MW164771|18VIR7859-4|turdus_merula|IT|2018-09-07,A,A.0,A.0.2
MW164708|17pool103G|culex_pipiens|IT|2017-08-30,A,A.0,A.0.2
MW164753|18pool1523|culex_pipiens|IT|2018-08-02,A,A.0,A.0.2
NA|20VIR4811|serinus_canaria|IT|2020-08-10,A,A.0,A.0.2
MW164707|16pool2571|culex_pipiens|IT|2016-09-14,A,A.0,A.0.2
MW164745|18pool1398|culex_pipiens|IT|2018-07-26,A,A.0,A.0.2
MW164719|17pool1647|culex_pipiens|IT|2017-08-16,A,A.0,A.0.2
MW164758|18pool1617|culex_pipiens|IT|2018-08-09,A,A.0,A.0.2
MW164764|18pool1795|culex_pipiens|IT|2018-08-23,A,A.0,A.0.2
NODE_0000000,not assigned,not assigned,not assigned
NODE_0000001,not assigned,not assigned,not assigned
NODE_0000002,not assigned,not assigned,not assigned
NODE_0000003,not assigned,not assigned,not assigned
NODE_0000004,E,E,E
NODE_0000005,E,E,E
NODE_0000006,E,E.0,E.0
NODE_0000007,E,E.0,E.0
NODE_0000008,not assigned,not assigned,not assigned
NODE_0000009,D,D,D
NODE_0000010,D,D,D
NODE_0000011,D,D,D
NODE_0000012,D,D,D
NODE_0000013,D,D,D
NODE_0000014,not assigned,not assigned,not assigned
NODE_0000015,G,G,G
NODE_0000016,G,G,G
NODE_0000017,not assigned,not assigned,not assigned
NODE_0000018,not assigned,not assigned,not assigned
NODE_0000019,not assigned,not assigned,not assigned
NODE_0000020,B,B,B
NODE_0000021,B,B,B
NODE_0000022,B,B,B
NODE_0000023,B,B,B
NODE_0000024,B,B,B
NODE_0000025,B,B,B
NODE_0000026,B,B,B
NODE_0000027,B,B,B
NODE_0000028,B,B.4,B.4
NODE_0000029,B,B.4,B.4
NODE_0000030,B,B,B
NODE_0000031,B,B,B
NODE_0000032,B,B.2,B.2
NODE_0000033,B,B.2,B.2
NODE_0000034,B,B.2,B.2
NODE_0000035,B,B.2,B.2
NODE_0000036,B,B.2,B.2
NODE_0000037,B,B.0,B.0
NODE_0000038,B,B.0,B.0
NODE_0000039,B,B.0,B.0
NODE_0000040,B,B.0,B.0
NODE_0000041,B,B.0,B.0
NODE_0000042,B,B.0,B.0
NODE_0000043,B,B.0,B.0
NODE_0000044,B,B.0,B.0
NODE_0000045,B,B.0,B.0.3
NODE_0000046,B,B.0,B.0.3
NODE_0000047,B,B.0,B.0
NODE_0000048,B,B.0,B.0
NODE_0000049,B,B.0,B.0
NODE_0000050,B,B.0,B.0
NODE_0000051,B,B.0,B.0
NODE_0000052,B,B.0,B.0
NODE_0000053,B,B.0,B.0
NODE_0000054,B,B.0,B.0
NODE_0000055,B,B.0,B.0
NODE_0000056,B,B.0,B.0
NODE_0000057,B,B.0,B.0
NODE_0000058,B,B.0,B.0
NODE_0000059,B,B.0,B.0
NODE_0000060,B,B.0,B.0
NODE_0000061,B,B.0,B.0
NODE_0000062,B,B.0,B.0
NODE_0000063,B,B.0,B.0
NODE_0000064,B,B.0,B.0
NODE_0000065,B,B.0,B.0.0
NODE_0000066,B,B.0,B.0.0
NODE_0000067,B,B.0,B.0.0
NODE_0000068,B,B.0,B.0.0
NODE_0000069,B,B.0,B.0.0
NODE_0000070,B,B.0,B.0.0
NODE_0000071,B,B.0,B.0.0
NODE_0000072,B,B.0,B.0.0
NODE_0000073,B,B.0,B.0
NODE_0000074,B,B.0,B.0
NODE_0000075,B,B.0,B.0
NODE_0000076,B,B.0,B.0
NODE_0000077,B,B.0,B.0
NODE_0000078,B,B.0,B.0
NODE_0000079,B,B.0,B.0
NODE_0000080,B,B.0,B.0
NODE_0000081,B,B.0,B.0
NODE_0000082,B,B.0,B.0
NODE_0000083,B,B.0,B.0
NODE_0000084,B,B.0,B.0
NODE_0000085,B,B.0,B.0
NODE_0000086,B,B.0,B.0
NODE_0000087,B,B.0,B.0
NODE_0000088,B,B.0,B.0
NODE_0000089,B,B.0,B.0
NODE_0000090,B,B.0,B.0
NODE_0000091,B,B.0,B.0
NODE_0000092,B,B.0,B.0
NODE_0000093,B,B.0,B.0.1
NODE_0000094,B,B.0,B.0.1
NODE_0000095,B,B.0,B.0.1
NODE_0000096,B,B.0,B.0.1
NODE_0000097,B,B.0,B.0.1
NODE_0000098,B,B.0,B.0
NODE_0000099,B,B.0,B.0
NODE_0000100,B,B.0,B.0
NODE_0000101,B,B.0,B.0
NODE_0000102,B,B.0,B.0.2
NODE_0000103,B,B.0,B.0.2
NODE_0000104,B,B.0,B.0
NODE_0000105,B,B.0,B.0
NODE_0000106,B,B.0,B.0
NODE_0000107,B,B.0,B.0
NODE_0000108,B,B.0,B.0
NODE_0000109,B,B.0,B.0
NODE_0000110,B,B.0,B.0
NODE_0000111,B,B.0,B.0
NODE_0000112,B,B.0,B.0
NODE_0000113,B,B.0,B.0
NODE_0000114,B,B,B
NODE_0000115,B,B,B
NODE_0000116,B,B.3,B.3
NODE_0000117,B,B.3,B.3
NODE_0000118,B,B.3,B.3
NODE_0000119,B,B.3,B.3
NODE_0000120,B,B.3,B.3
NODE_0000121,B,B,B
NODE_0000122,B,B,B
NODE_0000123,B,B.1,B.1
NODE_0000124,B,B.1,B.1
NODE_0000125,B,B.1,B.1
NODE_0000126,B,B.1,B.1
NODE_0000127,B,B.1,B.1
NODE_0000128,B,B.1,B.1
NODE_0000129,B,B.1,B.1
NODE_0000130,B,B.1,B.1
NODE_0000131,B,B.1,B.1
NODE_0000132,B,B.1,B.1
NODE_0000133,B,B.1,B.1
NODE_0000134,B,B.1,B.1
NODE_0000135,B,B.1,B.1
NODE_0000136,B,B.1,B.1
NODE_0000137,B,B.1,B.1
NODE_0000138,B,B.1,B.1
NODE_0000139,B,B.1,B.1
NODE_0000140,B,B.1,B.1
NODE_0000141,B,B.1,B.1
NODE_0000142,B,B.1,B.1
NODE_0000143,B,B.1,B.1
NODE_0000144,B,B.1,B.1
NODE_0000145,B,B.1,B.1
NODE_0000146,B,B.1,B.1
NODE_0000147,B,B.1,B.1
NODE_0000148,B,B.1,B.1
NODE_0000149,B,B.1,B.1
NODE_0000150,B,B.1,B.1
NODE_0000151,B,B.1,B.1
NODE_0000152,B,B.1,B.1
NODE_0000153,B,B.1,B.1
NODE_0000154,B,B.1,B.1
NODE_0000155,B,B.1,B.1
NODE_0000156,B,B.1,B.1
NODE_0000157,B,B.1,B.1.1
NODE_0000158,B,B.1,B.1.1
NODE_0000159,B,B.1,B.1.1
NODE_0000160,B,B.1,B.1.1
NODE_0000161,B,B.1,B.1.1
NODE_0000162,B,B.1,B.1.1
NODE_0000163,B,B.1,B.1.1
NODE_0000164,B,B.1,B.1
NODE_0000165,B,B.1,B.1.2
NODE_0000166,B,B.1,B.1.2
NODE_0000167,B,B.1,B.1.0
NODE_0000168,B,B.1,B.1.0
NODE_0000169,B,B.1,B.1.0
NODE_0000170,B,B.1,B.1.0
NODE_0000171,B,B.1,B.1.0
NODE_0000172,B,B.1,B.1.0
NODE_0000173,B,B.1,B.1.0
NODE_0000174,B,B.1,B.1.0
NODE_0000175,B,B.1,B.1.0
NODE_0000176,B,B.1,B.1.0
NODE_0000177,B,B.1,B.1.0
NODE_0000178,B,B.1,B.1.0
NODE_0000179,B,B.1,B.1.0
NODE_0000180,B,B.1,B.1.0
NODE_0000181,B,B.1,B.1.0
NODE_0000182,B,B.1,B.1.0
NODE_0000183,B,B.1,B.1.0
NODE_0000184,B,B.1,B.1.0
NODE_0000185,B,B.1,B.1.0
NODE_0000186,B,B.1,B.1.0
NODE_0000187,B,B.1,B.1.0
NODE_0000188,B,B.1,B.1.0
NODE_0000189,B,B.1,B.1.0
NODE_0000190,B,B.1,B.1.0
NODE_0000191,B,B.1,B.1.0
NODE_0000192,B,B.1,B.1.0
NODE_0000193,B,B.1,B.1.0
NODE_0000194,B,B.1,B.1.0
NODE_0000195,B,B.1,B.1.0
NODE_0000196,B,B.1,B.1.0
NODE_0000197,B,B.1,B.1.0
NODE_0000198,not assigned,not assigned,not assigned
NODE_0000199,C,C,C
NODE_0000200,C,C.2,C.2
NODE_0000201,C,C.2,C.2
NODE_0000202,C,C,C
NODE_0000203,C,C,C
NODE_0000204,C,C.1,C.1
NODE_0000205,C,C.1,C.1
NODE_0000206,C,C,C
NODE_0000207,C,C,C
NODE_0000208,C,C.0,C.0
NODE_0000209,C,C.0,C.0
NODE_0000210,not assigned,not assigned,not assigned
NODE_0000211,not assigned,not assigned,not assigned
NODE_0000212,F,F,F
NODE_0000213,F,F,F
NODE_0000214,A,A,A
NODE_0000215,A,A,A
NODE_0000216,A,A,A
NODE_0000217,A,A.4,A.4
NODE_0000218,A,A.4,A.4
NODE_0000219,A,A,A
NODE_0000220,A,A.3,A.3
NODE_0000221,A,A.3,A.3
NODE_0000222,A,A.3,A.3
NODE_0000223,A,A.1,A.1
NODE_0000224,A,A.1,A.1
NODE_0000225,A,A.1,A.1
NODE_0000226,A,A.1,A.1
NODE_0000227,A,A.1,A.1
NODE_0000228,A,A.1,A.1
NODE_0000229,A,A.1,A.1
NODE_0000230,A,A.1,A.1
NODE_0000231,A,A.1,A.1
NODE_0000232,A,A.1,A.1
NODE_0000233,A,A.1,A.1
NODE_0000234,A,A.1,A.1
NODE_0000235,A,A.1,A.1
NODE_0000236,A,A.1,A.1
NODE_0000237,A,A.1,A.1
NODE_0000238,A,A.1,A.1
NODE_0000239,A,A.1,A.1
NODE_0000240,A,A.1,A.1
NODE_0000241,A,A.1,A.1
NODE_0000242,A,A.1,A.1
NODE_0000243,A,A.1,A.1
NODE_0000244,A,A.1,A.1.1
NODE_0000245,A,A.1,A.1.1
NODE_0000246,A,A.1,A.1.1
NODE_0000247,A,A.1,A.1.1
NODE_0000248,A,A.1,A.1.1
NODE_0000249,A,A.1,A.1.1
NODE_0000250,A,A.1,A.1
NODE_0000251,A,A.1,A.1
NODE_0000252,A,A.1,A.1
NODE_0000253,A,A.1,A.1
NODE_0000254,A,A.1,A.1
NODE_0000255,A,A.1,A.1
NODE_0000256,A,A.1,A.1
NODE_0000257,A,A.1,A.1
NODE_0000258,A,A.1,A.1
NODE_0000259,A,A.1,A.1
NODE_0000260,A,A.1,A.1
NODE_0000261,A,A.1,A.1
NODE_0000262,A,A.1,A.1
NODE_0000263,A,A.1,A.1
NODE_0000264,A,A.1,A.1
NODE_0000265,A,A.1,A.1
NODE_0000266,A,A.1,A.1
NODE_0000267,A,A.1,A.1
NODE_0000268,A,A.1,A.1
NODE_0000269,A,A.1,A.1
NODE_0000270,A,A.1,A.1
NODE_0000271,A,A.1,A.1
NODE_0000272,A,A.1,A.1
NODE_0000273,A,A.1,A.1
NODE_0000274,A,A.1,A.1
NODE_0000275,A,A.1,A.1
NODE_0000276,A,A.1,A.1
NODE_0000277,A,A.1,A.1
NODE_0000278,A,A.1,A.1
NODE_0000279,A,A.1,A.1
NODE_0000280,A,A.1,A.1.2
NODE_0000281,A,A.1,A.1.2
NODE_0000282,A,A.1,A.1.2
NODE_0000283,A,A.1,A.1.2
NODE_0000284,A,A.1,A.1.2
NODE_0000285,A,A.1,A.1
NODE_0000286,A,A.1,A.1
NODE_0000287,A,A.1,A.1
NODE_0000288,A,A.1,A.1
NODE_0000289,A,A.1,A.1
NODE_0000290,A,A.1,A.1
NODE_0000291,A,A.1,A.1
NODE_0000292,A,A.1,A.1
NODE_0000293,A,A.1,A.1
NODE_0000294,A,A.1,A.1
NODE_0000295,A,A.1,A.1
NODE_0000296,A,A.1,A.1.3
NODE_0000297,A,A.1,A.1.3
NODE_0000298,A,A.1,A.1.3
NODE_0000299,A,A.1,A.1
NODE_0000300,A,A.1,A.1
NODE_0000301,A,A.1,A.1
NODE_0000302,A,A.1,A.1.0
NODE_0000303,A,A.1,A.1.0
NODE_0000304,A,A.1,A.1.0
NODE_0000305,A,A.1,A.1.0
NODE_0000306,A,A.1,A.1.0
NODE_0000307,A,A.1,A.1.0
NODE_0000308,A,A.1,A.1.0
NODE_0000309,A,A.1,A.1.0
NODE_0000310,A,A.1,A.1.0
NODE_0000311,A,A.1,A.1.0
NODE_0000312,A,A.1,A.1.0
NODE_0000313,A,A.1,A.1.0
NODE_0000314,A,A.1,A.1.0
NODE_0000315,A,A.1,A.1.0
NODE_0000316,A,A,A
NODE_0000317,A,A,A
NODE_0000318,A,A,A
NODE_0000319,A,A,A
NODE_0000320,A,A,A
NODE_0000321,A,A.2,A.2
NODE_0000322,A,A.2,A.2
NODE_0000323,A,A.2,A.2
NODE_0000324,A,A.2,A.2
NODE_0000325,A,A.2,A.2
NODE_0000326,A,A.2,A.2
NODE_0000327,A,A.2,A.2
NODE_0000328,A,A.2,A.2
NODE_0000329,A,A.2,A.2.0
NODE_0000330,A,A.2,A.2.0
NODE_0000331,A,A.2,A.2.0
NODE_0000332,A,A.2,A.2.0
NODE_0000333,A,A.2,A.2.0
NODE_0000334,A,A.2,A.2.0
NODE_0000335,A,A.2,A.2.0
NODE_0000336,A,A.2,A.2.0
NODE_0000337,A,A.2,A.2.0
NODE_0000338,A,A.2,A.2.0
NODE_0000339,A,A.2,A.2.0
NODE_0000340,A,A,A
NODE_0000341,A,A,A
NODE_0000342,A,A.0,A.0
NODE_0000343,A,A.0,A.0
NODE_0000344,A,A.0,A.0
NODE_0000345,A,A.0,A.0
NODE_0000346,A,A.0,A.0
NODE_0000347,A,A.0,A.0
NODE_0000348,A,A.0,A.0
NODE_0000349,A,A.0,A.0
NODE_0000350,A,A.0,A.0
NODE_0000351,A,A.0,A.0
NODE_0000352,A,A.0,A.0
NODE_0000353,A,A.0,A.0
NODE_0000354,A,A.0,A.0
NODE_0000355,A,A.0,A.0
NODE_0000356,A,A.0,A.0
NODE_0000357,A,A.0,A.0
NODE_0000358,A,A.0,A.0
NODE_0000359,A,A.0,A.0
NODE_0000360,A,A.0,A.0
NODE_0000361,A,A.0,A.0
NODE_0000362,A,A.0,A.0
NODE_0000363,A,A.0,A.0
NODE_0000364,A,A.0,A.0
NODE_0000365,A,A.0,A.0
NODE_0000366,A,A.0,A.0.6
NODE_0000367,A,A.0,A.0.6
NODE_0000368,A,A.0,A.0.6
NODE_0000369,A,A.0,A.0
NODE_0000370,A,A.0,A.0.0
NODE_0000371,A,A.0,A.0.0
NODE_0000372,A,A.0,A.0.0
NODE_0000373,A,A.0,A.0.0
NODE_0000374,A,A.0,A.0.0
NODE_0000375,A,A.0,A.0.0
NODE_0000376,A,A.0,A.0.0
NODE_0000377,A,A.0,A.0.0
NODE_0000378,A,A.0,A.0.0
NODE_0000379,A,A.0,A.0.0
NODE_0000380,A,A.0,A.0.0
NODE_0000381,A,A.0,A.0.0
NODE_0000382,A,A.0,A.0.0
NODE_0000383,A,A.0,A.0.0
NODE_0000384,A,A.0,A.0.0
NODE_0000385,A,A.0,A.0.0
NODE_0000386,A,A.0,A.0.0
NODE_0000387,A,A.0,A.0.0
NODE_0000388,A,A.0,A.0.0
NODE_0000389,A,A.0,A.0.0
NODE_0000390,A,A.0,A.0.0
NODE_0000391,A,A.0,A.0.0
NODE_0000392,A,A.0,A.0.0
NODE_0000393,A,A.0,A.0.0
NODE_0000394,A,A.0,A.0.0
NODE_0000395,A,A.0,A.0.0
NODE_0000396,A,A.0,A.0.0
NODE_0000397,A,A.0,A.0.0
NODE_0000398,A,A.0,A.0.0
NODE_0000399,A,A.0,A.0.0
NODE_0000400,A,A.0,A.0.0
NODE_0000401,A,A.0,A.0.0
NODE_0000402,A,A.0,A.0.0
NODE_0000403,A,A.0,A.0.0
NODE_0000404,A,A.0,A.0.0
NODE_0000405,A,A.0,A.0.0
NODE_0000406,A,A.0,A.0.0
NODE_0000407,A,A.0,A.0.0
NODE_0000408,A,A.0,A.0.0
NODE_0000409,A,A.0,A.0.0
NODE_0000410,A,A.0,A.0.0
NODE_0000411,A,A.0,A.0.0
NODE_0000412,A,A.0,A.0.0
NODE_0000413,A,A.0,A.0.0
NODE_0000414,A,A.0,A.0.0
NODE_0000415,A,A.0,A.0.0
NODE_0000416,A,A.0,A.0.0
NODE_0000417,A,A.0,A.0.0
NODE_0000418,A,A.0,A.0.0
NODE_0000419,A,A.0,A.0.0
NODE_0000420,A,A.0,A.0.0
NODE_0000421,A,A.0,A.0
NODE_0000422,A,A.0,A.0
NODE_0000423,A,A.0,A.0
NODE_0000424,A,A.0,A.0
NODE_0000425,A,A.0,A.0
NODE_0000426,A,A.0,A.0.4
NODE_0000427,A,A.0,A.0.4
NODE_0000428,A,A.0,A.0
NODE_0000429,A,A.0,A.0
NODE_0000430,A,A.0,A.0.5
NODE_0000431,A,A.0,A.0.5
NODE_0000432,A,A.0,A.0.5
NODE_0000433,A,A.0,A.0
NODE_0000434,A,A.0,A.0
NODE_0000435,A,A.0,A.0
NODE_0000436,A,A.0,A.0
NODE_0000437,A,A.0,A.0.1
NODE_0000438,A,A.0,A.0.1
NODE_0000439,A,A.0,A.0.1
NODE_0000440,A,A.0,A.0.1
NODE_0000441,A,A.0,A.0.1
NODE_0000442,A,A.0,A.0.1
NODE_0000443,A,A.0,A.0.1
NODE_0000444,A,A.0,A.0.1
NODE_0000445,A,A.0,A.0.1
NODE_0000446,A,A.0,A.0.1
NODE_0000447,A,A.0,A.0.1
NODE_0000448,A,A.0,A.0.1
NODE_0000449,A,A.0,A.0.1
NODE_0000450,A,A.0,A.0.1
NODE_0000451,A,A.0,A.0.1
NODE_0000452,A,A.0,A.0.1
NODE_0000453,A,A.0,A.0
NODE_0000454,A,A.0,A.0
NODE_0000455,A,A.0,A.0.3
NODE_0000456,A,A.0,A.0.3
NODE_0000457,A,A.0,A.0.3
NODE_0000458,A,A.0,A.0.3
NODE_0000459,A,A.0,A.0.3
NODE_0000460,A,A.0,A.0.3
NODE_0000461,A,A.0,A.0.3
NODE_0000462,A,A.0,A.0.3
NODE_0000463,A,A.0,A.0.3
NODE_0000464,A,A.0,A.0.3
NODE_0000465,A,A.0,A.0.2
NODE_0000466,A,A.0,A.0.2
NODE_0000467,A,A.0,A.0.2
NODE_0000468,A,A.0,A.0.2
NODE_0000469,A,A.0,A.0.2
NODE_0000470,A,A.0,A.0.2
NODE_0000471,A,A.0,A.0.2
NODE_0000472,A,A.0,A.0.2
NODE_0000473,A,A.0,A.0.2
NODE_0000474,A,A.0,A.0.2
NODE_0000475,A,A.0,A.0.2
NODE_0000476,A,A.0,A.0.2
NODE_0000477,A,A.0,A.0.2
NODE_0000478,A,A.0,A.0.2
NODE_0000479,A,A.0,A.0.2
NODE_0000480,A,A.0,A.0.2
NODE_0000481,A,A.0,A.0.2
NODE_0000482,A,A.0,A.0.2
NODE_0000483,A,A.0,A.0.2
NODE_0000484,A,A.0,A.0.2
NODE_0000485,A,A.0,A.0.2
NODE_0000486,A,A.0,A.0.2
NODE_0000487,A,A.0,A.0.2
NODE_0000488,A,A.0,A.0.2
NODE_0000489,A,A.0,A.0.2
NODE_0000490,A,A.0,A.0.2
NODE_0000491,A,A.0,A.0.2
